map_Index,SS_Table
1,STAAU_LSU
2,STAAU_LSU
3,STAAU_LSU
4,STAAU_LSU
5,STAAU_LSU
6,STAAU_LSU
7,STAAU_LSU
8,STAAU_LSU
9,STAAU_LSU
10,STAAU_LSU
11,STAAU_LSU
12,STAAU_LSU
13,STAAU_LSU
14,STAAU_LSU
15,STAAU_LSU
16,STAAU_LSU
17,STAAU_LSU
18,STAAU_LSU
19,STAAU_LSU
20,STAAU_LSU
21,STAAU_LSU
22,STAAU_LSU
23,STAAU_LSU
24,STAAU_LSU
25,STAAU_LSU
26,STAAU_LSU
27,STAAU_LSU
28,STAAU_LSU
29,STAAU_LSU
30,STAAU_LSU
31,STAAU_LSU
32,STAAU_LSU
33,STAAU_LSU
34,STAAU_LSU
35,STAAU_LSU
36,STAAU_LSU
37,STAAU_LSU
38,STAAU_LSU
39,STAAU_LSU
40,STAAU_LSU
41,STAAU_LSU
42,STAAU_LSU
43,STAAU_LSU
44,STAAU_LSU
45,STAAU_LSU
46,STAAU_LSU
47,STAAU_LSU
48,STAAU_LSU
49,STAAU_LSU
50,STAAU_LSU
51,STAAU_LSU
52,STAAU_LSU
53,STAAU_LSU
54,STAAU_LSU
55,STAAU_LSU
56,STAAU_LSU
57,STAAU_LSU
58,STAAU_LSU
59,STAAU_LSU
60,STAAU_LSU
61,STAAU_LSU
62,STAAU_LSU
63,STAAU_LSU
64,STAAU_LSU
65,STAAU_LSU
66,STAAU_LSU
67,STAAU_LSU
68,STAAU_LSU
69,STAAU_LSU
70,STAAU_LSU
71,STAAU_LSU
72,STAAU_LSU
73,STAAU_LSU
74,STAAU_LSU
75,STAAU_LSU
76,STAAU_LSU
77,STAAU_LSU
78,STAAU_LSU
79,STAAU_LSU
80,STAAU_LSU
81,STAAU_LSU
82,STAAU_LSU
83,STAAU_LSU
84,STAAU_LSU
85,STAAU_LSU
86,STAAU_LSU
87,STAAU_LSU
88,STAAU_LSU
89,STAAU_LSU
90,STAAU_LSU
91,STAAU_LSU
92,STAAU_LSU
93,STAAU_LSU
94,STAAU_LSU
95,STAAU_LSU
96,STAAU_LSU
97,STAAU_LSU
98,STAAU_LSU
99,STAAU_LSU
100,STAAU_LSU
101,STAAU_LSU
102,STAAU_LSU
103,STAAU_LSU
104,STAAU_LSU
105,STAAU_LSU
106,STAAU_LSU
107,STAAU_LSU
108,STAAU_LSU
109,STAAU_LSU
110,STAAU_LSU
111,STAAU_LSU
112,STAAU_LSU
113,STAAU_LSU
114,STAAU_LSU
115,STAAU_LSU
116,STAAU_LSU
117,STAAU_LSU
118,STAAU_LSU
119,STAAU_LSU
120,STAAU_LSU
121,STAAU_LSU
122,STAAU_LSU
123,STAAU_LSU
124,STAAU_LSU
125,STAAU_LSU
126,STAAU_LSU
127,STAAU_LSU
128,STAAU_LSU
129,STAAU_LSU
130,STAAU_LSU
131,STAAU_LSU
132,STAAU_LSU
133,STAAU_LSU
134,STAAU_LSU
135,STAAU_LSU
136,STAAU_LSU
137,STAAU_LSU
138,STAAU_LSU
139,STAAU_LSU
140,STAAU_LSU
141,STAAU_LSU
142,STAAU_LSU
143,STAAU_LSU
144,STAAU_LSU
145,STAAU_LSU
146,STAAU_LSU
147,STAAU_LSU
148,STAAU_LSU
149,STAAU_LSU
150,STAAU_LSU
151,STAAU_LSU
152,STAAU_LSU
153,STAAU_LSU
154,STAAU_LSU
155,STAAU_LSU
156,STAAU_LSU
157,STAAU_LSU
158,STAAU_LSU
159,STAAU_LSU
160,STAAU_LSU
161,STAAU_LSU
162,STAAU_LSU
163,STAAU_LSU
164,STAAU_LSU
165,STAAU_LSU
166,STAAU_LSU
167,STAAU_LSU
168,STAAU_LSU
169,STAAU_LSU
170,STAAU_LSU
171,STAAU_LSU
172,STAAU_LSU
173,STAAU_LSU
174,STAAU_LSU
175,STAAU_LSU
176,STAAU_LSU
177,STAAU_LSU
178,STAAU_LSU
179,STAAU_LSU
180,STAAU_LSU
181,STAAU_LSU
182,STAAU_LSU
183,STAAU_LSU
184,STAAU_LSU
185,STAAU_LSU
186,STAAU_LSU
187,STAAU_LSU
188,STAAU_LSU
189,STAAU_LSU
190,STAAU_LSU
191,STAAU_LSU
192,STAAU_LSU
193,STAAU_LSU
194,STAAU_LSU
195,STAAU_LSU
196,STAAU_LSU
197,STAAU_LSU
198,STAAU_LSU
199,STAAU_LSU
200,STAAU_LSU
201,STAAU_LSU
202,STAAU_LSU
203,STAAU_LSU
204,STAAU_LSU
205,STAAU_LSU
206,STAAU_LSU
207,STAAU_LSU
208,STAAU_LSU
209,STAAU_LSU
210,STAAU_LSU
211,STAAU_LSU
212,STAAU_LSU
213,STAAU_LSU
214,STAAU_LSU
215,STAAU_LSU
216,STAAU_LSU
217,STAAU_LSU
218,STAAU_LSU
219,STAAU_LSU
220,STAAU_LSU
221,STAAU_LSU
222,STAAU_LSU
223,STAAU_LSU
224,STAAU_LSU
225,STAAU_LSU
226,STAAU_LSU
227,STAAU_LSU
228,STAAU_LSU
229,STAAU_LSU
230,STAAU_LSU
231,STAAU_LSU
232,STAAU_LSU
233,STAAU_LSU
234,STAAU_LSU
235,STAAU_LSU
236,STAAU_LSU
237,STAAU_LSU
238,STAAU_LSU
239,STAAU_LSU
240,STAAU_LSU
241,STAAU_LSU
242,STAAU_LSU
243,STAAU_LSU
244,STAAU_LSU
245,STAAU_LSU
246,STAAU_LSU
247,STAAU_LSU
248,STAAU_LSU
249,STAAU_LSU
250,STAAU_LSU
251,STAAU_LSU
252,STAAU_LSU
253,STAAU_LSU
254,STAAU_LSU
255,STAAU_LSU
256,STAAU_LSU
257,STAAU_LSU
258,STAAU_LSU
259,STAAU_LSU
260,STAAU_LSU
261,STAAU_LSU
262,STAAU_LSU
263,STAAU_LSU
264,STAAU_LSU
265,STAAU_LSU
266,STAAU_LSU
267,STAAU_LSU
268,STAAU_LSU
269,STAAU_LSU
270,STAAU_LSU
271,STAAU_LSU
272,STAAU_LSU
273,STAAU_LSU
274,STAAU_LSU
275,STAAU_LSU
276,STAAU_LSU
277,STAAU_LSU
278,STAAU_LSU
279,STAAU_LSU
280,STAAU_LSU
281,STAAU_LSU
282,STAAU_LSU
283,STAAU_LSU
284,STAAU_LSU
285,STAAU_LSU
286,STAAU_LSU
287,STAAU_LSU
288,STAAU_LSU
289,STAAU_LSU
290,STAAU_LSU
291,STAAU_LSU
292,STAAU_LSU
293,STAAU_LSU
294,STAAU_LSU
295,STAAU_LSU
296,STAAU_LSU
297,STAAU_LSU
298,STAAU_LSU
299,STAAU_LSU
300,STAAU_LSU
301,STAAU_LSU
302,STAAU_LSU
303,STAAU_LSU
304,STAAU_LSU
305,STAAU_LSU
306,STAAU_LSU
307,STAAU_LSU
308,STAAU_LSU
309,STAAU_LSU
310,STAAU_LSU
311,STAAU_LSU
312,STAAU_LSU
313,STAAU_LSU
314,STAAU_LSU
315,STAAU_LSU
316,STAAU_LSU
317,STAAU_LSU
318,STAAU_LSU
319,STAAU_LSU
320,STAAU_LSU
321,STAAU_LSU
322,STAAU_LSU
323,STAAU_LSU
324,STAAU_LSU
325,STAAU_LSU
326,STAAU_LSU
327,STAAU_LSU
328,STAAU_LSU
329,STAAU_LSU
330,STAAU_LSU
331,STAAU_LSU
332,STAAU_LSU
333,STAAU_LSU
334,STAAU_LSU
335,STAAU_LSU
336,STAAU_LSU
337,STAAU_LSU
338,STAAU_LSU
339,STAAU_LSU
340,STAAU_LSU
341,STAAU_LSU
342,STAAU_LSU
343,STAAU_LSU
344,STAAU_LSU
345,STAAU_LSU
346,STAAU_LSU
347,STAAU_LSU
348,STAAU_LSU
349,STAAU_LSU
350,STAAU_LSU
351,STAAU_LSU
352,STAAU_LSU
353,STAAU_LSU
354,STAAU_LSU
355,STAAU_LSU
356,STAAU_LSU
357,STAAU_LSU
358,STAAU_LSU
359,STAAU_LSU
360,STAAU_LSU
361,STAAU_LSU
362,STAAU_LSU
363,STAAU_LSU
364,STAAU_LSU
365,STAAU_LSU
366,STAAU_LSU
367,STAAU_LSU
368,STAAU_LSU
369,STAAU_LSU
370,STAAU_LSU
371,STAAU_LSU
372,STAAU_LSU
373,STAAU_LSU
374,STAAU_LSU
375,STAAU_LSU
376,STAAU_LSU
377,STAAU_LSU
378,STAAU_LSU
379,STAAU_LSU
380,STAAU_LSU
381,STAAU_LSU
382,STAAU_LSU
383,STAAU_LSU
384,STAAU_LSU
385,STAAU_LSU
386,STAAU_LSU
387,STAAU_LSU
388,STAAU_LSU
389,STAAU_LSU
390,STAAU_LSU
391,STAAU_LSU
392,STAAU_LSU
393,STAAU_LSU
394,STAAU_LSU
395,STAAU_LSU
396,STAAU_LSU
397,STAAU_LSU
398,STAAU_LSU
399,STAAU_LSU
400,STAAU_LSU
401,STAAU_LSU
402,STAAU_LSU
403,STAAU_LSU
404,STAAU_LSU
405,STAAU_LSU
406,STAAU_LSU
407,STAAU_LSU
408,STAAU_LSU
409,STAAU_LSU
410,STAAU_LSU
411,STAAU_LSU
412,STAAU_LSU
413,STAAU_LSU
414,STAAU_LSU
415,STAAU_LSU
416,STAAU_LSU
417,STAAU_LSU
418,STAAU_LSU
419,STAAU_LSU
420,STAAU_LSU
421,STAAU_LSU
422,STAAU_LSU
423,STAAU_LSU
424,STAAU_LSU
425,STAAU_LSU
426,STAAU_LSU
427,STAAU_LSU
428,STAAU_LSU
429,STAAU_LSU
430,STAAU_LSU
431,STAAU_LSU
432,STAAU_LSU
433,STAAU_LSU
434,STAAU_LSU
435,STAAU_LSU
436,STAAU_LSU
437,STAAU_LSU
438,STAAU_LSU
439,STAAU_LSU
440,STAAU_LSU
441,STAAU_LSU
442,STAAU_LSU
443,STAAU_LSU
444,STAAU_LSU
445,STAAU_LSU
446,STAAU_LSU
447,STAAU_LSU
448,STAAU_LSU
449,STAAU_LSU
450,STAAU_LSU
451,STAAU_LSU
452,STAAU_LSU
453,STAAU_LSU
454,STAAU_LSU
455,STAAU_LSU
456,STAAU_LSU
457,STAAU_LSU
458,STAAU_LSU
459,STAAU_LSU
460,STAAU_LSU
461,STAAU_LSU
462,STAAU_LSU
463,STAAU_LSU
464,STAAU_LSU
465,STAAU_LSU
466,STAAU_LSU
467,STAAU_LSU
468,STAAU_LSU
469,STAAU_LSU
470,STAAU_LSU
471,STAAU_LSU
472,STAAU_LSU
473,STAAU_LSU
474,STAAU_LSU
475,STAAU_LSU
476,STAAU_LSU
477,STAAU_LSU
478,STAAU_LSU
479,STAAU_LSU
480,STAAU_LSU
481,STAAU_LSU
482,STAAU_LSU
483,STAAU_LSU
484,STAAU_LSU
485,STAAU_LSU
486,STAAU_LSU
487,STAAU_LSU
488,STAAU_LSU
489,STAAU_LSU
490,STAAU_LSU
491,STAAU_LSU
492,STAAU_LSU
493,STAAU_LSU
494,STAAU_LSU
495,STAAU_LSU
496,STAAU_LSU
497,STAAU_LSU
498,STAAU_LSU
499,STAAU_LSU
500,STAAU_LSU
501,STAAU_LSU
502,STAAU_LSU
503,STAAU_LSU
504,STAAU_LSU
505,STAAU_LSU
506,STAAU_LSU
507,STAAU_LSU
508,STAAU_LSU
509,STAAU_LSU
510,STAAU_LSU
511,STAAU_LSU
512,STAAU_LSU
513,STAAU_LSU
514,STAAU_LSU
515,STAAU_LSU
516,STAAU_LSU
517,STAAU_LSU
518,STAAU_LSU
519,STAAU_LSU
520,STAAU_LSU
521,STAAU_LSU
522,STAAU_LSU
523,STAAU_LSU
524,STAAU_LSU
525,STAAU_LSU
526,STAAU_LSU
527,STAAU_LSU
528,STAAU_LSU
529,STAAU_LSU
530,STAAU_LSU
531,STAAU_LSU
532,STAAU_LSU
533,STAAU_LSU
534,STAAU_LSU
535,STAAU_LSU
536,STAAU_LSU
537,STAAU_LSU
538,STAAU_LSU
539,STAAU_LSU
540,STAAU_LSU
541,STAAU_LSU
542,STAAU_LSU
543,STAAU_LSU
544,STAAU_LSU
545,STAAU_LSU
546,STAAU_LSU
547,STAAU_LSU
548,STAAU_LSU
549,STAAU_LSU
550,STAAU_LSU
551,STAAU_LSU
552,STAAU_LSU
553,STAAU_LSU
554,STAAU_LSU
555,STAAU_LSU
556,STAAU_LSU
557,STAAU_LSU
558,STAAU_LSU
559,STAAU_LSU
560,STAAU_LSU
561,STAAU_LSU
562,STAAU_LSU
563,STAAU_LSU
564,STAAU_LSU
565,STAAU_LSU
566,STAAU_LSU
567,STAAU_LSU
568,STAAU_LSU
569,STAAU_LSU
570,STAAU_LSU
571,STAAU_LSU
572,STAAU_LSU
573,STAAU_LSU
574,STAAU_LSU
575,STAAU_LSU
576,STAAU_LSU
577,STAAU_LSU
578,STAAU_LSU
579,STAAU_LSU
580,STAAU_LSU
581,STAAU_LSU
582,STAAU_LSU
583,STAAU_LSU
584,STAAU_LSU
585,STAAU_LSU
586,STAAU_LSU
587,STAAU_LSU
588,STAAU_LSU
589,STAAU_LSU
590,STAAU_LSU
591,STAAU_LSU
592,STAAU_LSU
593,STAAU_LSU
594,STAAU_LSU
595,STAAU_LSU
596,STAAU_LSU
597,STAAU_LSU
598,STAAU_LSU
599,STAAU_LSU
600,STAAU_LSU
601,STAAU_LSU
602,STAAU_LSU
603,STAAU_LSU
604,STAAU_LSU
605,STAAU_LSU
606,STAAU_LSU
607,STAAU_LSU
608,STAAU_LSU
609,STAAU_LSU
610,STAAU_LSU
611,STAAU_LSU
612,STAAU_LSU
613,STAAU_LSU
614,STAAU_LSU
615,STAAU_LSU
616,STAAU_LSU
617,STAAU_LSU
618,STAAU_LSU
619,STAAU_LSU
620,STAAU_LSU
621,STAAU_LSU
622,STAAU_LSU
623,STAAU_LSU
624,STAAU_LSU
625,STAAU_LSU
626,STAAU_LSU
627,STAAU_LSU
628,STAAU_LSU
629,STAAU_LSU
630,STAAU_LSU
631,STAAU_LSU
632,STAAU_LSU
633,STAAU_LSU
634,STAAU_LSU
635,STAAU_LSU
636,STAAU_LSU
637,STAAU_LSU
638,STAAU_LSU
639,STAAU_LSU
640,STAAU_LSU
641,STAAU_LSU
642,STAAU_LSU
643,STAAU_LSU
644,STAAU_LSU
645,STAAU_LSU
646,STAAU_LSU
647,STAAU_LSU
648,STAAU_LSU
649,STAAU_LSU
650,STAAU_LSU
651,STAAU_LSU
652,STAAU_LSU
653,STAAU_LSU
654,STAAU_LSU
655,STAAU_LSU
656,STAAU_LSU
657,STAAU_LSU
658,STAAU_LSU
659,STAAU_LSU
660,STAAU_LSU
661,STAAU_LSU
662,STAAU_LSU
663,STAAU_LSU
664,STAAU_LSU
665,STAAU_LSU
666,STAAU_LSU
667,STAAU_LSU
668,STAAU_LSU
669,STAAU_LSU
670,STAAU_LSU
671,STAAU_LSU
672,STAAU_LSU
673,STAAU_LSU
674,STAAU_LSU
675,STAAU_LSU
676,STAAU_LSU
677,STAAU_LSU
678,STAAU_LSU
679,STAAU_LSU
680,STAAU_LSU
681,STAAU_LSU
682,STAAU_LSU
683,STAAU_LSU
684,STAAU_LSU
685,STAAU_LSU
686,STAAU_LSU
687,STAAU_LSU
688,STAAU_LSU
689,STAAU_LSU
690,STAAU_LSU
691,STAAU_LSU
692,STAAU_LSU
693,STAAU_LSU
694,STAAU_LSU
695,STAAU_LSU
696,STAAU_LSU
697,STAAU_LSU
698,STAAU_LSU
699,STAAU_LSU
700,STAAU_LSU
701,STAAU_LSU
702,STAAU_LSU
703,STAAU_LSU
704,STAAU_LSU
705,STAAU_LSU
706,STAAU_LSU
707,STAAU_LSU
708,STAAU_LSU
709,STAAU_LSU
710,STAAU_LSU
711,STAAU_LSU
712,STAAU_LSU
713,STAAU_LSU
714,STAAU_LSU
715,STAAU_LSU
716,STAAU_LSU
717,STAAU_LSU
718,STAAU_LSU
719,STAAU_LSU
720,STAAU_LSU
721,STAAU_LSU
722,STAAU_LSU
723,STAAU_LSU
724,STAAU_LSU
725,STAAU_LSU
726,STAAU_LSU
727,STAAU_LSU
728,STAAU_LSU
729,STAAU_LSU
730,STAAU_LSU
731,STAAU_LSU
732,STAAU_LSU
733,STAAU_LSU
734,STAAU_LSU
735,STAAU_LSU
736,STAAU_LSU
737,STAAU_LSU
738,STAAU_LSU
739,STAAU_LSU
740,STAAU_LSU
741,STAAU_LSU
742,STAAU_LSU
743,STAAU_LSU
744,STAAU_LSU
745,STAAU_LSU
746,STAAU_LSU
747,STAAU_LSU
748,STAAU_LSU
749,STAAU_LSU
750,STAAU_LSU
751,STAAU_LSU
752,STAAU_LSU
753,STAAU_LSU
754,STAAU_LSU
755,STAAU_LSU
756,STAAU_LSU
757,STAAU_LSU
758,STAAU_LSU
759,STAAU_LSU
760,STAAU_LSU
761,STAAU_LSU
762,STAAU_LSU
763,STAAU_LSU
764,STAAU_LSU
765,STAAU_LSU
766,STAAU_LSU
767,STAAU_LSU
768,STAAU_LSU
769,STAAU_LSU
770,STAAU_LSU
771,STAAU_LSU
772,STAAU_LSU
773,STAAU_LSU
774,STAAU_LSU
775,STAAU_LSU
776,STAAU_LSU
777,STAAU_LSU
778,STAAU_LSU
779,STAAU_LSU
780,STAAU_LSU
781,STAAU_LSU
782,STAAU_LSU
783,STAAU_LSU
784,STAAU_LSU
785,STAAU_LSU
786,STAAU_LSU
787,STAAU_LSU
788,STAAU_LSU
789,STAAU_LSU
790,STAAU_LSU
791,STAAU_LSU
792,STAAU_LSU
793,STAAU_LSU
794,STAAU_LSU
795,STAAU_LSU
796,STAAU_LSU
797,STAAU_LSU
798,STAAU_LSU
799,STAAU_LSU
800,STAAU_LSU
801,STAAU_LSU
802,STAAU_LSU
803,STAAU_LSU
804,STAAU_LSU
805,STAAU_LSU
806,STAAU_LSU
807,STAAU_LSU
808,STAAU_LSU
809,STAAU_LSU
810,STAAU_LSU
811,STAAU_LSU
812,STAAU_LSU
813,STAAU_LSU
814,STAAU_LSU
815,STAAU_LSU
816,STAAU_LSU
817,STAAU_LSU
818,STAAU_LSU
819,STAAU_LSU
820,STAAU_LSU
821,STAAU_LSU
822,STAAU_LSU
823,STAAU_LSU
824,STAAU_LSU
825,STAAU_LSU
826,STAAU_LSU
827,STAAU_LSU
828,STAAU_LSU
829,STAAU_LSU
830,STAAU_LSU
831,STAAU_LSU
832,STAAU_LSU
833,STAAU_LSU
834,STAAU_LSU
835,STAAU_LSU
836,STAAU_LSU
837,STAAU_LSU
838,STAAU_LSU
839,STAAU_LSU
840,STAAU_LSU
841,STAAU_LSU
842,STAAU_LSU
843,STAAU_LSU
844,STAAU_LSU
845,STAAU_LSU
846,STAAU_LSU
847,STAAU_LSU
848,STAAU_LSU
849,STAAU_LSU
850,STAAU_LSU
851,STAAU_LSU
852,STAAU_LSU
853,STAAU_LSU
854,STAAU_LSU
855,STAAU_LSU
856,STAAU_LSU
857,STAAU_LSU
858,STAAU_LSU
859,STAAU_LSU
860,STAAU_LSU
861,STAAU_LSU
862,STAAU_LSU
863,STAAU_LSU
864,STAAU_LSU
865,STAAU_LSU
866,STAAU_LSU
867,STAAU_LSU
868,STAAU_LSU
869,STAAU_LSU
870,STAAU_LSU
871,STAAU_LSU
872,STAAU_LSU
873,STAAU_LSU
874,STAAU_LSU
875,STAAU_LSU
876,STAAU_LSU
877,STAAU_LSU
878,STAAU_LSU
879,STAAU_LSU
880,STAAU_LSU
881,STAAU_LSU
882,STAAU_LSU
883,STAAU_LSU
884,STAAU_LSU
885,STAAU_LSU
886,STAAU_LSU
887,STAAU_LSU
888,STAAU_LSU
889,STAAU_LSU
890,STAAU_LSU
891,STAAU_LSU
892,STAAU_LSU
893,STAAU_LSU
894,STAAU_LSU
895,STAAU_LSU
896,STAAU_LSU
897,STAAU_LSU
898,STAAU_LSU
899,STAAU_LSU
900,STAAU_LSU
901,STAAU_LSU
902,STAAU_LSU
903,STAAU_LSU
904,STAAU_LSU
905,STAAU_LSU
906,STAAU_LSU
907,STAAU_LSU
908,STAAU_LSU
909,STAAU_LSU
910,STAAU_LSU
911,STAAU_LSU
912,STAAU_LSU
913,STAAU_LSU
914,STAAU_LSU
915,STAAU_LSU
916,STAAU_LSU
917,STAAU_LSU
918,STAAU_LSU
919,STAAU_LSU
920,STAAU_LSU
921,STAAU_LSU
922,STAAU_LSU
923,STAAU_LSU
924,STAAU_LSU
925,STAAU_LSU
926,STAAU_LSU
927,STAAU_LSU
928,STAAU_LSU
929,STAAU_LSU
930,STAAU_LSU
931,STAAU_LSU
932,STAAU_LSU
933,STAAU_LSU
934,STAAU_LSU
935,STAAU_LSU
936,STAAU_LSU
937,STAAU_LSU
938,STAAU_LSU
939,STAAU_LSU
940,STAAU_LSU
941,STAAU_LSU
942,STAAU_LSU
943,STAAU_LSU
944,STAAU_LSU
945,STAAU_LSU
946,STAAU_LSU
947,STAAU_LSU
948,STAAU_LSU
949,STAAU_LSU
950,STAAU_LSU
951,STAAU_LSU
952,STAAU_LSU
953,STAAU_LSU
954,STAAU_LSU
955,STAAU_LSU
956,STAAU_LSU
957,STAAU_LSU
958,STAAU_LSU
959,STAAU_LSU
960,STAAU_LSU
961,STAAU_LSU
962,STAAU_LSU
963,STAAU_LSU
964,STAAU_LSU
965,STAAU_LSU
966,STAAU_LSU
967,STAAU_LSU
968,STAAU_LSU
969,STAAU_LSU
970,STAAU_LSU
971,STAAU_LSU
972,STAAU_LSU
973,STAAU_LSU
974,STAAU_LSU
975,STAAU_LSU
976,STAAU_LSU
977,STAAU_LSU
978,STAAU_LSU
979,STAAU_LSU
980,STAAU_LSU
981,STAAU_LSU
982,STAAU_LSU
983,STAAU_LSU
984,STAAU_LSU
985,STAAU_LSU
986,STAAU_LSU
987,STAAU_LSU
988,STAAU_LSU
989,STAAU_LSU
990,STAAU_LSU
991,STAAU_LSU
992,STAAU_LSU
993,STAAU_LSU
994,STAAU_LSU
995,STAAU_LSU
996,STAAU_LSU
997,STAAU_LSU
998,STAAU_LSU
999,STAAU_LSU
1000,STAAU_LSU
1001,STAAU_LSU
1002,STAAU_LSU
1003,STAAU_LSU
1004,STAAU_LSU
1005,STAAU_LSU
1006,STAAU_LSU
1007,STAAU_LSU
1008,STAAU_LSU
1009,STAAU_LSU
1010,STAAU_LSU
1011,STAAU_LSU
1012,STAAU_LSU
1013,STAAU_LSU
1014,STAAU_LSU
1015,STAAU_LSU
1016,STAAU_LSU
1017,STAAU_LSU
1018,STAAU_LSU
1019,STAAU_LSU
1020,STAAU_LSU
1021,STAAU_LSU
1022,STAAU_LSU
1023,STAAU_LSU
1024,STAAU_LSU
1025,STAAU_LSU
1026,STAAU_LSU
1027,STAAU_LSU
1028,STAAU_LSU
1029,STAAU_LSU
1030,STAAU_LSU
1031,STAAU_LSU
1032,STAAU_LSU
1033,STAAU_LSU
1034,STAAU_LSU
1035,STAAU_LSU
1036,STAAU_LSU
1037,STAAU_LSU
1038,STAAU_LSU
1039,STAAU_LSU
1040,STAAU_LSU
1041,STAAU_LSU
1042,STAAU_LSU
1043,STAAU_LSU
1044,STAAU_LSU
1045,STAAU_LSU
1046,STAAU_LSU
1047,STAAU_LSU
1048,STAAU_LSU
1049,STAAU_LSU
1050,STAAU_LSU
1051,STAAU_LSU
1052,STAAU_LSU
1053,STAAU_LSU
1054,STAAU_LSU
1055,STAAU_LSU
1056,STAAU_LSU
1057,STAAU_LSU
1058,STAAU_LSU
1059,STAAU_LSU
1060,STAAU_LSU
1061,STAAU_LSU
1062,STAAU_LSU
1063,STAAU_LSU
1064,STAAU_LSU
1065,STAAU_LSU
1066,STAAU_LSU
1067,STAAU_LSU
1068,STAAU_LSU
1069,STAAU_LSU
1070,STAAU_LSU
1071,STAAU_LSU
1072,STAAU_LSU
1073,STAAU_LSU
1074,STAAU_LSU
1075,STAAU_LSU
1076,STAAU_LSU
1077,STAAU_LSU
1078,STAAU_LSU
1079,STAAU_LSU
1080,STAAU_LSU
1081,STAAU_LSU
1082,STAAU_LSU
1083,STAAU_LSU
1084,STAAU_LSU
1085,STAAU_LSU
1086,STAAU_LSU
1087,STAAU_LSU
1088,STAAU_LSU
1089,STAAU_LSU
1090,STAAU_LSU
1091,STAAU_LSU
1092,STAAU_LSU
1093,STAAU_LSU
1094,STAAU_LSU
1095,STAAU_LSU
1096,STAAU_LSU
1097,STAAU_LSU
1098,STAAU_LSU
1099,STAAU_LSU
1100,STAAU_LSU
1101,STAAU_LSU
1102,STAAU_LSU
1103,STAAU_LSU
1104,STAAU_LSU
1105,STAAU_LSU
1106,STAAU_LSU
1107,STAAU_LSU
1108,STAAU_LSU
1109,STAAU_LSU
1110,STAAU_LSU
1111,STAAU_LSU
1112,STAAU_LSU
1113,STAAU_LSU
1114,STAAU_LSU
1115,STAAU_LSU
1116,STAAU_LSU
1117,STAAU_LSU
1118,STAAU_LSU
1119,STAAU_LSU
1120,STAAU_LSU
1121,STAAU_LSU
1122,STAAU_LSU
1123,STAAU_LSU
1124,STAAU_LSU
1125,STAAU_LSU
1126,STAAU_LSU
1127,STAAU_LSU
1128,STAAU_LSU
1129,STAAU_LSU
1130,STAAU_LSU
1131,STAAU_LSU
1132,STAAU_LSU
1133,STAAU_LSU
1134,STAAU_LSU
1135,STAAU_LSU
1136,STAAU_LSU
1137,STAAU_LSU
1138,STAAU_LSU
1139,STAAU_LSU
1140,STAAU_LSU
1141,STAAU_LSU
1142,STAAU_LSU
1143,STAAU_LSU
1144,STAAU_LSU
1145,STAAU_LSU
1146,STAAU_LSU
1147,STAAU_LSU
1148,STAAU_LSU
1149,STAAU_LSU
1150,STAAU_LSU
1151,STAAU_LSU
1152,STAAU_LSU
1153,STAAU_LSU
1154,STAAU_LSU
1155,STAAU_LSU
1156,STAAU_LSU
1157,STAAU_LSU
1158,STAAU_LSU
1159,STAAU_LSU
1160,STAAU_LSU
1161,STAAU_LSU
1162,STAAU_LSU
1163,STAAU_LSU
1164,STAAU_LSU
1165,STAAU_LSU
1166,STAAU_LSU
1167,STAAU_LSU
1168,STAAU_LSU
1169,STAAU_LSU
1170,STAAU_LSU
1171,STAAU_LSU
1172,STAAU_LSU
1173,STAAU_LSU
1174,STAAU_LSU
1175,STAAU_LSU
1176,STAAU_LSU
1177,STAAU_LSU
1178,STAAU_LSU
1179,STAAU_LSU
1180,STAAU_LSU
1181,STAAU_LSU
1182,STAAU_LSU
1183,STAAU_LSU
1184,STAAU_LSU
1185,STAAU_LSU
1186,STAAU_LSU
1187,STAAU_LSU
1188,STAAU_LSU
1189,STAAU_LSU
1190,STAAU_LSU
1191,STAAU_LSU
1192,STAAU_LSU
1193,STAAU_LSU
1194,STAAU_LSU
1195,STAAU_LSU
1196,STAAU_LSU
1197,STAAU_LSU
1198,STAAU_LSU
1199,STAAU_LSU
1200,STAAU_LSU
1201,STAAU_LSU
1202,STAAU_LSU
1203,STAAU_LSU
1204,STAAU_LSU
1205,STAAU_LSU
1206,STAAU_LSU
1207,STAAU_LSU
1208,STAAU_LSU
1209,STAAU_LSU
1210,STAAU_LSU
1211,STAAU_LSU
1212,STAAU_LSU
1213,STAAU_LSU
1214,STAAU_LSU
1215,STAAU_LSU
1216,STAAU_LSU
1217,STAAU_LSU
1218,STAAU_LSU
1219,STAAU_LSU
1220,STAAU_LSU
1221,STAAU_LSU
1222,STAAU_LSU
1223,STAAU_LSU
1224,STAAU_LSU
1225,STAAU_LSU
1226,STAAU_LSU
1227,STAAU_LSU
1228,STAAU_LSU
1229,STAAU_LSU
1230,STAAU_LSU
1231,STAAU_LSU
1232,STAAU_LSU
1233,STAAU_LSU
1234,STAAU_LSU
1235,STAAU_LSU
1236,STAAU_LSU
1237,STAAU_LSU
1238,STAAU_LSU
1239,STAAU_LSU
1240,STAAU_LSU
1241,STAAU_LSU
1242,STAAU_LSU
1243,STAAU_LSU
1244,STAAU_LSU
1245,STAAU_LSU
1246,STAAU_LSU
1247,STAAU_LSU
1248,STAAU_LSU
1249,STAAU_LSU
1250,STAAU_LSU
1251,STAAU_LSU
1252,STAAU_LSU
1253,STAAU_LSU
1254,STAAU_LSU
1255,STAAU_LSU
1256,STAAU_LSU
1257,STAAU_LSU
1258,STAAU_LSU
1259,STAAU_LSU
1260,STAAU_LSU
1261,STAAU_LSU
1262,STAAU_LSU
1263,STAAU_LSU
1264,STAAU_LSU
1265,STAAU_LSU
1266,STAAU_LSU
1267,STAAU_LSU
1268,STAAU_LSU
1269,STAAU_LSU
1270,STAAU_LSU
1271,STAAU_LSU
1272,STAAU_LSU
1273,STAAU_LSU
1274,STAAU_LSU
1275,STAAU_LSU
1276,STAAU_LSU
1277,STAAU_LSU
1278,STAAU_LSU
1279,STAAU_LSU
1280,STAAU_LSU
1281,STAAU_LSU
1282,STAAU_LSU
1283,STAAU_LSU
1284,STAAU_LSU
1285,STAAU_LSU
1286,STAAU_LSU
1287,STAAU_LSU
1288,STAAU_LSU
1289,STAAU_LSU
1290,STAAU_LSU
1291,STAAU_LSU
1292,STAAU_LSU
1293,STAAU_LSU
1294,STAAU_LSU
1295,STAAU_LSU
1296,STAAU_LSU
1297,STAAU_LSU
1298,STAAU_LSU
1299,STAAU_LSU
1300,STAAU_LSU
1301,STAAU_LSU
1302,STAAU_LSU
1303,STAAU_LSU
1304,STAAU_LSU
1305,STAAU_LSU
1306,STAAU_LSU
1307,STAAU_LSU
1308,STAAU_LSU
1309,STAAU_LSU
1310,STAAU_LSU
1311,STAAU_LSU
1312,STAAU_LSU
1313,STAAU_LSU
1314,STAAU_LSU
1315,STAAU_LSU
1316,STAAU_LSU
1317,STAAU_LSU
1318,STAAU_LSU
1319,STAAU_LSU
1320,STAAU_LSU
1321,STAAU_LSU
1322,STAAU_LSU
1323,STAAU_LSU
1324,STAAU_LSU
1325,STAAU_LSU
1326,STAAU_LSU
1327,STAAU_LSU
1328,STAAU_LSU
1329,STAAU_LSU
1330,STAAU_LSU
1331,STAAU_LSU
1332,STAAU_LSU
1333,STAAU_LSU
1334,STAAU_LSU
1335,STAAU_LSU
1336,STAAU_LSU
1337,STAAU_LSU
1338,STAAU_LSU
1339,STAAU_LSU
1340,STAAU_LSU
1341,STAAU_LSU
1342,STAAU_LSU
1343,STAAU_LSU
1344,STAAU_LSU
1345,STAAU_LSU
1346,STAAU_LSU
1347,STAAU_LSU
1348,STAAU_LSU
1349,STAAU_LSU
1350,STAAU_LSU
1351,STAAU_LSU
1352,STAAU_LSU
1353,STAAU_LSU
1354,STAAU_LSU
1355,STAAU_LSU
1356,STAAU_LSU
1357,STAAU_LSU
1358,STAAU_LSU
1359,STAAU_LSU
1360,STAAU_LSU
1361,STAAU_LSU
1362,STAAU_LSU
1363,STAAU_LSU
1364,STAAU_LSU
1365,STAAU_LSU
1366,STAAU_LSU
1367,STAAU_LSU
1368,STAAU_LSU
1369,STAAU_LSU
1370,STAAU_LSU
1371,STAAU_LSU
1372,STAAU_LSU
1373,STAAU_LSU
1374,STAAU_LSU
1375,STAAU_LSU
1376,STAAU_LSU
1377,STAAU_LSU
1378,STAAU_LSU
1379,STAAU_LSU
1380,STAAU_LSU
1381,STAAU_LSU
1382,STAAU_LSU
1383,STAAU_LSU
1384,STAAU_LSU
1385,STAAU_LSU
1386,STAAU_LSU
1387,STAAU_LSU
1388,STAAU_LSU
1389,STAAU_LSU
1390,STAAU_LSU
1391,STAAU_LSU
1392,STAAU_LSU
1393,STAAU_LSU
1394,STAAU_LSU
1395,STAAU_LSU
1396,STAAU_LSU
1397,STAAU_LSU
1398,STAAU_LSU
1399,STAAU_LSU
1400,STAAU_LSU
1401,STAAU_LSU
1402,STAAU_LSU
1403,STAAU_LSU
1404,STAAU_LSU
1405,STAAU_LSU
1406,STAAU_LSU
1407,STAAU_LSU
1408,STAAU_LSU
1409,STAAU_LSU
1410,STAAU_LSU
1411,STAAU_LSU
1412,STAAU_LSU
1413,STAAU_LSU
1414,STAAU_LSU
1415,STAAU_LSU
1416,STAAU_LSU
1417,STAAU_LSU
1418,STAAU_LSU
1419,STAAU_LSU
1420,STAAU_LSU
1421,STAAU_LSU
1422,STAAU_LSU
1423,STAAU_LSU
1424,STAAU_LSU
1425,STAAU_LSU
1426,STAAU_LSU
1427,STAAU_LSU
1428,STAAU_LSU
1429,STAAU_LSU
1430,STAAU_LSU
1431,STAAU_LSU
1432,STAAU_LSU
1433,STAAU_LSU
1434,STAAU_LSU
1435,STAAU_LSU
1436,STAAU_LSU
1437,STAAU_LSU
1438,STAAU_LSU
1439,STAAU_LSU
1440,STAAU_LSU
1441,STAAU_LSU
1442,STAAU_LSU
1443,STAAU_LSU
1444,STAAU_LSU
1445,STAAU_LSU
1446,STAAU_LSU
1447,STAAU_LSU
1448,STAAU_LSU
1449,STAAU_LSU
1450,STAAU_LSU
1451,STAAU_LSU
1452,STAAU_LSU
1453,STAAU_LSU
1454,STAAU_LSU
1455,STAAU_LSU
1456,STAAU_LSU
1457,STAAU_LSU
1458,STAAU_LSU
1459,STAAU_LSU
1460,STAAU_LSU
1461,STAAU_LSU
1462,STAAU_LSU
1463,STAAU_LSU
1464,STAAU_LSU
1465,STAAU_LSU
1466,STAAU_LSU
1467,STAAU_LSU
1468,STAAU_LSU
1469,STAAU_LSU
1470,STAAU_LSU
1471,STAAU_LSU
1472,STAAU_LSU
1473,STAAU_LSU
1474,STAAU_LSU
1475,STAAU_LSU
1476,STAAU_LSU
1477,STAAU_LSU
1478,STAAU_LSU
1479,STAAU_LSU
1480,STAAU_LSU
1481,STAAU_LSU
1482,STAAU_LSU
1483,STAAU_LSU
1484,STAAU_LSU
1485,STAAU_LSU
1486,STAAU_LSU
1487,STAAU_LSU
1488,STAAU_LSU
1489,STAAU_LSU
1490,STAAU_LSU
1491,STAAU_LSU
1492,STAAU_LSU
1493,STAAU_LSU
1494,STAAU_LSU
1495,STAAU_LSU
1496,STAAU_LSU
1497,STAAU_LSU
1498,STAAU_LSU
1499,STAAU_LSU
1500,STAAU_LSU
1501,STAAU_LSU
1502,STAAU_LSU
1503,STAAU_LSU
1504,STAAU_LSU
1505,STAAU_LSU
1506,STAAU_LSU
1507,STAAU_LSU
1508,STAAU_LSU
1509,STAAU_LSU
1510,STAAU_LSU
1511,STAAU_LSU
1512,STAAU_LSU
1513,STAAU_LSU
1514,STAAU_LSU
1515,STAAU_LSU
1516,STAAU_LSU
1517,STAAU_LSU
1518,STAAU_LSU
1519,STAAU_LSU
1520,STAAU_LSU
1521,STAAU_LSU
1522,STAAU_LSU
1523,STAAU_LSU
1524,STAAU_LSU
1525,STAAU_LSU
1526,STAAU_LSU
1527,STAAU_LSU
1528,STAAU_LSU
1529,STAAU_LSU
1530,STAAU_LSU
1531,STAAU_LSU
1532,STAAU_LSU
1533,STAAU_LSU
1534,STAAU_LSU
1535,STAAU_LSU
1536,STAAU_LSU
1537,STAAU_LSU
1538,STAAU_LSU
1539,STAAU_LSU
1540,STAAU_LSU
1541,STAAU_LSU
1542,STAAU_LSU
1543,STAAU_LSU
1544,STAAU_LSU
1545,STAAU_LSU
1546,STAAU_LSU
1547,STAAU_LSU
1548,STAAU_LSU
1549,STAAU_LSU
1550,STAAU_LSU
1551,STAAU_LSU
1552,STAAU_LSU
1553,STAAU_LSU
1554,STAAU_LSU
1555,STAAU_LSU
1556,STAAU_LSU
1557,STAAU_LSU
1558,STAAU_LSU
1559,STAAU_LSU
1560,STAAU_LSU
1561,STAAU_LSU
1562,STAAU_LSU
1563,STAAU_LSU
1564,STAAU_LSU
1565,STAAU_LSU
1566,STAAU_LSU
1567,STAAU_LSU
1568,STAAU_LSU
1569,STAAU_LSU
1570,STAAU_LSU
1571,STAAU_LSU
1572,STAAU_LSU
1573,STAAU_LSU
1574,STAAU_LSU
1575,STAAU_LSU
1576,STAAU_LSU
1577,STAAU_LSU
1578,STAAU_LSU
1579,STAAU_LSU
1580,STAAU_LSU
1581,STAAU_LSU
1582,STAAU_LSU
1583,STAAU_LSU
1584,STAAU_LSU
1585,STAAU_LSU
1586,STAAU_LSU
1587,STAAU_LSU
1588,STAAU_LSU
1589,STAAU_LSU
1590,STAAU_LSU
1591,STAAU_LSU
1592,STAAU_LSU
1593,STAAU_LSU
1594,STAAU_LSU
1595,STAAU_LSU
1596,STAAU_LSU
1597,STAAU_LSU
1598,STAAU_LSU
1599,STAAU_LSU
1600,STAAU_LSU
1601,STAAU_LSU
1602,STAAU_LSU
1603,STAAU_LSU
1604,STAAU_LSU
1605,STAAU_LSU
1606,STAAU_LSU
1607,STAAU_LSU
1608,STAAU_LSU
1609,STAAU_LSU
1610,STAAU_LSU
1611,STAAU_LSU
1612,STAAU_LSU
1613,STAAU_LSU
1614,STAAU_LSU
1615,STAAU_LSU
1616,STAAU_LSU
1617,STAAU_LSU
1618,STAAU_LSU
1619,STAAU_LSU
1620,STAAU_LSU
1621,STAAU_LSU
1622,STAAU_LSU
1623,STAAU_LSU
1624,STAAU_LSU
1625,STAAU_LSU
1626,STAAU_LSU
1627,STAAU_LSU
1628,STAAU_LSU
1629,STAAU_LSU
1630,STAAU_LSU
1631,STAAU_LSU
1632,STAAU_LSU
1633,STAAU_LSU
1634,STAAU_LSU
1635,STAAU_LSU
1636,STAAU_LSU
1637,STAAU_LSU
1638,STAAU_LSU
1639,STAAU_LSU
1640,STAAU_LSU
1641,STAAU_LSU
1642,STAAU_LSU
1643,STAAU_LSU
1644,STAAU_LSU
1645,STAAU_LSU
1646,STAAU_LSU
1647,STAAU_LSU
1648,STAAU_LSU
1649,STAAU_LSU
1650,STAAU_LSU
1651,STAAU_LSU
1652,STAAU_LSU
1653,STAAU_LSU
1654,STAAU_LSU
1655,STAAU_LSU
1656,STAAU_LSU
1657,STAAU_LSU
1658,STAAU_LSU
1659,STAAU_LSU
1660,STAAU_LSU
1661,STAAU_LSU
1662,STAAU_LSU
1663,STAAU_LSU
1664,STAAU_LSU
1665,STAAU_LSU
1666,STAAU_LSU
1667,STAAU_LSU
1668,STAAU_LSU
1669,STAAU_LSU
1670,STAAU_LSU
1671,STAAU_LSU
1672,STAAU_LSU
1673,STAAU_LSU
1674,STAAU_LSU
1675,STAAU_LSU
1676,STAAU_LSU
1677,STAAU_LSU
1678,STAAU_LSU
1679,STAAU_LSU
1680,STAAU_LSU
1681,STAAU_LSU
1682,STAAU_LSU
1683,STAAU_LSU
1684,STAAU_LSU
1685,STAAU_LSU
1686,STAAU_LSU
1687,STAAU_LSU
1688,STAAU_LSU
1689,STAAU_LSU
1690,STAAU_LSU
1691,STAAU_LSU
1692,STAAU_LSU
1693,STAAU_LSU
1694,STAAU_LSU
1695,STAAU_LSU
1696,STAAU_LSU
1697,STAAU_LSU
1698,STAAU_LSU
1699,STAAU_LSU
1700,STAAU_LSU
1701,STAAU_LSU
1702,STAAU_LSU
1703,STAAU_LSU
1704,STAAU_LSU
1705,STAAU_LSU
1706,STAAU_LSU
1707,STAAU_LSU
1708,STAAU_LSU
1709,STAAU_LSU
1710,STAAU_LSU
1711,STAAU_LSU
1712,STAAU_LSU
1713,STAAU_LSU
1714,STAAU_LSU
1715,STAAU_LSU
1716,STAAU_LSU
1717,STAAU_LSU
1718,STAAU_LSU
1719,STAAU_LSU
1720,STAAU_LSU
1721,STAAU_LSU
1722,STAAU_LSU
1723,STAAU_LSU
1724,STAAU_LSU
1725,STAAU_LSU
1726,STAAU_LSU
1727,STAAU_LSU
1728,STAAU_LSU
1729,STAAU_LSU
1730,STAAU_LSU
1731,STAAU_LSU
1732,STAAU_LSU
1733,STAAU_LSU
1734,STAAU_LSU
1735,STAAU_LSU
1736,STAAU_LSU
1737,STAAU_LSU
1738,STAAU_LSU
1739,STAAU_LSU
1740,STAAU_LSU
1741,STAAU_LSU
1742,STAAU_LSU
1743,STAAU_LSU
1744,STAAU_LSU
1745,STAAU_LSU
1746,STAAU_LSU
1747,STAAU_LSU
1748,STAAU_LSU
1749,STAAU_LSU
1750,STAAU_LSU
1751,STAAU_LSU
1752,STAAU_LSU
1753,STAAU_LSU
1754,STAAU_LSU
1755,STAAU_LSU
1756,STAAU_LSU
1757,STAAU_LSU
1758,STAAU_LSU
1759,STAAU_LSU
1760,STAAU_LSU
1761,STAAU_LSU
1762,STAAU_LSU
1763,STAAU_LSU
1764,STAAU_LSU
1765,STAAU_LSU
1766,STAAU_LSU
1767,STAAU_LSU
1768,STAAU_LSU
1769,STAAU_LSU
1770,STAAU_LSU
1771,STAAU_LSU
1772,STAAU_LSU
1773,STAAU_LSU
1774,STAAU_LSU
1775,STAAU_LSU
1776,STAAU_LSU
1777,STAAU_LSU
1778,STAAU_LSU
1779,STAAU_LSU
1780,STAAU_LSU
1781,STAAU_LSU
1782,STAAU_LSU
1783,STAAU_LSU
1784,STAAU_LSU
1785,STAAU_LSU
1786,STAAU_LSU
1787,STAAU_LSU
1788,STAAU_LSU
1789,STAAU_LSU
1790,STAAU_LSU
1791,STAAU_LSU
1792,STAAU_LSU
1793,STAAU_LSU
1794,STAAU_LSU
1795,STAAU_LSU
1796,STAAU_LSU
1797,STAAU_LSU
1798,STAAU_LSU
1799,STAAU_LSU
1800,STAAU_LSU
1801,STAAU_LSU
1802,STAAU_LSU
1803,STAAU_LSU
1804,STAAU_LSU
1805,STAAU_LSU
1806,STAAU_LSU
1807,STAAU_LSU
1808,STAAU_LSU
1809,STAAU_LSU
1810,STAAU_LSU
1811,STAAU_LSU
1812,STAAU_LSU
1813,STAAU_LSU
1814,STAAU_LSU
1815,STAAU_LSU
1816,STAAU_LSU
1817,STAAU_LSU
1818,STAAU_LSU
1819,STAAU_LSU
1820,STAAU_LSU
1821,STAAU_LSU
1822,STAAU_LSU
1823,STAAU_LSU
1824,STAAU_LSU
1825,STAAU_LSU
1826,STAAU_LSU
1827,STAAU_LSU
1828,STAAU_LSU
1829,STAAU_LSU
1830,STAAU_LSU
1831,STAAU_LSU
1832,STAAU_LSU
1833,STAAU_LSU
1834,STAAU_LSU
1835,STAAU_LSU
1836,STAAU_LSU
1837,STAAU_LSU
1838,STAAU_LSU
1839,STAAU_LSU
1840,STAAU_LSU
1841,STAAU_LSU
1842,STAAU_LSU
1843,STAAU_LSU
1844,STAAU_LSU
1845,STAAU_LSU
1846,STAAU_LSU
1847,STAAU_LSU
1848,STAAU_LSU
1849,STAAU_LSU
1850,STAAU_LSU
1851,STAAU_LSU
1852,STAAU_LSU
1853,STAAU_LSU
1854,STAAU_LSU
1855,STAAU_LSU
1856,STAAU_LSU
1857,STAAU_LSU
1858,STAAU_LSU
1859,STAAU_LSU
1860,STAAU_LSU
1861,STAAU_LSU
1862,STAAU_LSU
1863,STAAU_LSU
1864,STAAU_LSU
1865,STAAU_LSU
1866,STAAU_LSU
1867,STAAU_LSU
1868,STAAU_LSU
1869,STAAU_LSU
1870,STAAU_LSU
1871,STAAU_LSU
1872,STAAU_LSU
1873,STAAU_LSU
1874,STAAU_LSU
1875,STAAU_LSU
1876,STAAU_LSU
1877,STAAU_LSU
1878,STAAU_LSU
1879,STAAU_LSU
1880,STAAU_LSU
1881,STAAU_LSU
1882,STAAU_LSU
1883,STAAU_LSU
1884,STAAU_LSU
1885,STAAU_LSU
1886,STAAU_LSU
1887,STAAU_LSU
1888,STAAU_LSU
1889,STAAU_LSU
1890,STAAU_LSU
1891,STAAU_LSU
1892,STAAU_LSU
1893,STAAU_LSU
1894,STAAU_LSU
1895,STAAU_LSU
1896,STAAU_LSU
1897,STAAU_LSU
1898,STAAU_LSU
1899,STAAU_LSU
1900,STAAU_LSU
1901,STAAU_LSU
1902,STAAU_LSU
1903,STAAU_LSU
1904,STAAU_LSU
1905,STAAU_LSU
1906,STAAU_LSU
1907,STAAU_LSU
1908,STAAU_LSU
1909,STAAU_LSU
1910,STAAU_LSU
1911,STAAU_LSU
1912,STAAU_LSU
1913,STAAU_LSU
1914,STAAU_LSU
1915,STAAU_LSU
1916,STAAU_LSU
1917,STAAU_LSU
1918,STAAU_LSU
1919,STAAU_LSU
1920,STAAU_LSU
1921,STAAU_LSU
1922,STAAU_LSU
1923,STAAU_LSU
1924,STAAU_LSU
1925,STAAU_LSU
1926,STAAU_LSU
1927,STAAU_LSU
1928,STAAU_LSU
1929,STAAU_LSU
1930,STAAU_LSU
1931,STAAU_LSU
1932,STAAU_LSU
1933,STAAU_LSU
1934,STAAU_LSU
1935,STAAU_LSU
1936,STAAU_LSU
1937,STAAU_LSU
1938,STAAU_LSU
1939,STAAU_LSU
1940,STAAU_LSU
1941,STAAU_LSU
1942,STAAU_LSU
1943,STAAU_LSU
1944,STAAU_LSU
1945,STAAU_LSU
1946,STAAU_LSU
1947,STAAU_LSU
1948,STAAU_LSU
1949,STAAU_LSU
1950,STAAU_LSU
1951,STAAU_LSU
1952,STAAU_LSU
1953,STAAU_LSU
1954,STAAU_LSU
1955,STAAU_LSU
1956,STAAU_LSU
1957,STAAU_LSU
1958,STAAU_LSU
1959,STAAU_LSU
1960,STAAU_LSU
1961,STAAU_LSU
1962,STAAU_LSU
1963,STAAU_LSU
1964,STAAU_LSU
1965,STAAU_LSU
1966,STAAU_LSU
1967,STAAU_LSU
1968,STAAU_LSU
1969,STAAU_LSU
1970,STAAU_LSU
1971,STAAU_LSU
1972,STAAU_LSU
1973,STAAU_LSU
1974,STAAU_LSU
1975,STAAU_LSU
1976,STAAU_LSU
1977,STAAU_LSU
1978,STAAU_LSU
1979,STAAU_LSU
1980,STAAU_LSU
1981,STAAU_LSU
1982,STAAU_LSU
1983,STAAU_LSU
1984,STAAU_LSU
1985,STAAU_LSU
1986,STAAU_LSU
1987,STAAU_LSU
1988,STAAU_LSU
1989,STAAU_LSU
1990,STAAU_LSU
1991,STAAU_LSU
1992,STAAU_LSU
1993,STAAU_LSU
1994,STAAU_LSU
1995,STAAU_LSU
1996,STAAU_LSU
1997,STAAU_LSU
1998,STAAU_LSU
1999,STAAU_LSU
2000,STAAU_LSU
2001,STAAU_LSU
2002,STAAU_LSU
2003,STAAU_LSU
2004,STAAU_LSU
2005,STAAU_LSU
2006,STAAU_LSU
2007,STAAU_LSU
2008,STAAU_LSU
2009,STAAU_LSU
2010,STAAU_LSU
2011,STAAU_LSU
2012,STAAU_LSU
2013,STAAU_LSU
2014,STAAU_LSU
2015,STAAU_LSU
2016,STAAU_LSU
2017,STAAU_LSU
2018,STAAU_LSU
2019,STAAU_LSU
2020,STAAU_LSU
2021,STAAU_LSU
2022,STAAU_LSU
2023,STAAU_LSU
2024,STAAU_LSU
2025,STAAU_LSU
2026,STAAU_LSU
2027,STAAU_LSU
2028,STAAU_LSU
2029,STAAU_LSU
2030,STAAU_LSU
2031,STAAU_LSU
2032,STAAU_LSU
2033,STAAU_LSU
2034,STAAU_LSU
2035,STAAU_LSU
2036,STAAU_LSU
2037,STAAU_LSU
2038,STAAU_LSU
2039,STAAU_LSU
2040,STAAU_LSU
2041,STAAU_LSU
2042,STAAU_LSU
2043,STAAU_LSU
2044,STAAU_LSU
2045,STAAU_LSU
2046,STAAU_LSU
2047,STAAU_LSU
2048,STAAU_LSU
2049,STAAU_LSU
2050,STAAU_LSU
2051,STAAU_LSU
2052,STAAU_LSU
2053,STAAU_LSU
2054,STAAU_LSU
2055,STAAU_LSU
2056,STAAU_LSU
2057,STAAU_LSU
2058,STAAU_LSU
2059,STAAU_LSU
2060,STAAU_LSU
2061,STAAU_LSU
2062,STAAU_LSU
2063,STAAU_LSU
2064,STAAU_LSU
2065,STAAU_LSU
2066,STAAU_LSU
2067,STAAU_LSU
2068,STAAU_LSU
2069,STAAU_LSU
2070,STAAU_LSU
2071,STAAU_LSU
2072,STAAU_LSU
2073,STAAU_LSU
2074,STAAU_LSU
2075,STAAU_LSU
2076,STAAU_LSU
2077,STAAU_LSU
2078,STAAU_LSU
2079,STAAU_LSU
2080,STAAU_LSU
2081,STAAU_LSU
2082,STAAU_LSU
2083,STAAU_LSU
2084,STAAU_LSU
2085,STAAU_LSU
2086,STAAU_LSU
2087,STAAU_LSU
2088,STAAU_LSU
2089,STAAU_LSU
2090,STAAU_LSU
2091,STAAU_LSU
2092,STAAU_LSU
2093,STAAU_LSU
2094,STAAU_LSU
2095,STAAU_LSU
2096,STAAU_LSU
2097,STAAU_LSU
2098,STAAU_LSU
2099,STAAU_LSU
2100,STAAU_LSU
2101,STAAU_LSU
2102,STAAU_LSU
2103,STAAU_LSU
2104,STAAU_LSU
2105,STAAU_LSU
2106,STAAU_LSU
2107,STAAU_LSU
2108,STAAU_LSU
2109,STAAU_LSU
2110,STAAU_LSU
2111,STAAU_LSU
2112,STAAU_LSU
2113,STAAU_LSU
2114,STAAU_LSU
2115,STAAU_LSU
2116,STAAU_LSU
2117,STAAU_LSU
2118,STAAU_LSU
2119,STAAU_LSU
2120,STAAU_LSU
2121,STAAU_LSU
2122,STAAU_LSU
2123,STAAU_LSU
2124,STAAU_LSU
2125,STAAU_LSU
2126,STAAU_LSU
2127,STAAU_LSU
2128,STAAU_LSU
2129,STAAU_LSU
2130,STAAU_LSU
2131,STAAU_LSU
2132,STAAU_LSU
2133,STAAU_LSU
2134,STAAU_LSU
2135,STAAU_LSU
2136,STAAU_LSU
2137,STAAU_LSU
2138,STAAU_LSU
2139,STAAU_LSU
2140,STAAU_LSU
2141,STAAU_LSU
2142,STAAU_LSU
2143,STAAU_LSU
2144,STAAU_LSU
2145,STAAU_LSU
2146,STAAU_LSU
2147,STAAU_LSU
2148,STAAU_LSU
2149,STAAU_LSU
2150,STAAU_LSU
2151,STAAU_LSU
2152,STAAU_LSU
2153,STAAU_LSU
2154,STAAU_LSU
2155,STAAU_LSU
2156,STAAU_LSU
2157,STAAU_LSU
2158,STAAU_LSU
2159,STAAU_LSU
2160,STAAU_LSU
2161,STAAU_LSU
2162,STAAU_LSU
2163,STAAU_LSU
2164,STAAU_LSU
2165,STAAU_LSU
2166,STAAU_LSU
2167,STAAU_LSU
2168,STAAU_LSU
2169,STAAU_LSU
2170,STAAU_LSU
2171,STAAU_LSU
2172,STAAU_LSU
2173,STAAU_LSU
2174,STAAU_LSU
2175,STAAU_LSU
2176,STAAU_LSU
2177,STAAU_LSU
2178,STAAU_LSU
2179,STAAU_LSU
2180,STAAU_LSU
2181,STAAU_LSU
2182,STAAU_LSU
2183,STAAU_LSU
2184,STAAU_LSU
2185,STAAU_LSU
2186,STAAU_LSU
2187,STAAU_LSU
2188,STAAU_LSU
2189,STAAU_LSU
2190,STAAU_LSU
2191,STAAU_LSU
2192,STAAU_LSU
2193,STAAU_LSU
2194,STAAU_LSU
2195,STAAU_LSU
2196,STAAU_LSU
2197,STAAU_LSU
2198,STAAU_LSU
2199,STAAU_LSU
2200,STAAU_LSU
2201,STAAU_LSU
2202,STAAU_LSU
2203,STAAU_LSU
2204,STAAU_LSU
2205,STAAU_LSU
2206,STAAU_LSU
2207,STAAU_LSU
2208,STAAU_LSU
2209,STAAU_LSU
2210,STAAU_LSU
2211,STAAU_LSU
2212,STAAU_LSU
2213,STAAU_LSU
2214,STAAU_LSU
2215,STAAU_LSU
2216,STAAU_LSU
2217,STAAU_LSU
2218,STAAU_LSU
2219,STAAU_LSU
2220,STAAU_LSU
2221,STAAU_LSU
2222,STAAU_LSU
2223,STAAU_LSU
2224,STAAU_LSU
2225,STAAU_LSU
2226,STAAU_LSU
2227,STAAU_LSU
2228,STAAU_LSU
2229,STAAU_LSU
2230,STAAU_LSU
2231,STAAU_LSU
2232,STAAU_LSU
2233,STAAU_LSU
2234,STAAU_LSU
2235,STAAU_LSU
2236,STAAU_LSU
2237,STAAU_LSU
2238,STAAU_LSU
2239,STAAU_LSU
2240,STAAU_LSU
2241,STAAU_LSU
2242,STAAU_LSU
2243,STAAU_LSU
2244,STAAU_LSU
2245,STAAU_LSU
2246,STAAU_LSU
2247,STAAU_LSU
2248,STAAU_LSU
2249,STAAU_LSU
2250,STAAU_LSU
2251,STAAU_LSU
2252,STAAU_LSU
2253,STAAU_LSU
2254,STAAU_LSU
2255,STAAU_LSU
2256,STAAU_LSU
2257,STAAU_LSU
2258,STAAU_LSU
2259,STAAU_LSU
2260,STAAU_LSU
2261,STAAU_LSU
2262,STAAU_LSU
2263,STAAU_LSU
2264,STAAU_LSU
2265,STAAU_LSU
2266,STAAU_LSU
2267,STAAU_LSU
2268,STAAU_LSU
2269,STAAU_LSU
2270,STAAU_LSU
2271,STAAU_LSU
2272,STAAU_LSU
2273,STAAU_LSU
2274,STAAU_LSU
2275,STAAU_LSU
2276,STAAU_LSU
2277,STAAU_LSU
2278,STAAU_LSU
2279,STAAU_LSU
2280,STAAU_LSU
2281,STAAU_LSU
2282,STAAU_LSU
2283,STAAU_LSU
2284,STAAU_LSU
2285,STAAU_LSU
2286,STAAU_LSU
2287,STAAU_LSU
2288,STAAU_LSU
2289,STAAU_LSU
2290,STAAU_LSU
2291,STAAU_LSU
2292,STAAU_LSU
2293,STAAU_LSU
2294,STAAU_LSU
2295,STAAU_LSU
2296,STAAU_LSU
2297,STAAU_LSU
2298,STAAU_LSU
2299,STAAU_LSU
2300,STAAU_LSU
2301,STAAU_LSU
2302,STAAU_LSU
2303,STAAU_LSU
2304,STAAU_LSU
2305,STAAU_LSU
2306,STAAU_LSU
2307,STAAU_LSU
2308,STAAU_LSU
2309,STAAU_LSU
2310,STAAU_LSU
2311,STAAU_LSU
2312,STAAU_LSU
2313,STAAU_LSU
2314,STAAU_LSU
2315,STAAU_LSU
2316,STAAU_LSU
2317,STAAU_LSU
2318,STAAU_LSU
2319,STAAU_LSU
2320,STAAU_LSU
2321,STAAU_LSU
2322,STAAU_LSU
2323,STAAU_LSU
2324,STAAU_LSU
2325,STAAU_LSU
2326,STAAU_LSU
2327,STAAU_LSU
2328,STAAU_LSU
2329,STAAU_LSU
2330,STAAU_LSU
2331,STAAU_LSU
2332,STAAU_LSU
2333,STAAU_LSU
2334,STAAU_LSU
2335,STAAU_LSU
2336,STAAU_LSU
2337,STAAU_LSU
2338,STAAU_LSU
2339,STAAU_LSU
2340,STAAU_LSU
2341,STAAU_LSU
2342,STAAU_LSU
2343,STAAU_LSU
2344,STAAU_LSU
2345,STAAU_LSU
2346,STAAU_LSU
2347,STAAU_LSU
2348,STAAU_LSU
2349,STAAU_LSU
2350,STAAU_LSU
2351,STAAU_LSU
2352,STAAU_LSU
2353,STAAU_LSU
2354,STAAU_LSU
2355,STAAU_LSU
2356,STAAU_LSU
2357,STAAU_LSU
2358,STAAU_LSU
2359,STAAU_LSU
2360,STAAU_LSU
2361,STAAU_LSU
2362,STAAU_LSU
2363,STAAU_LSU
2364,STAAU_LSU
2365,STAAU_LSU
2366,STAAU_LSU
2367,STAAU_LSU
2368,STAAU_LSU
2369,STAAU_LSU
2370,STAAU_LSU
2371,STAAU_LSU
2372,STAAU_LSU
2373,STAAU_LSU
2374,STAAU_LSU
2375,STAAU_LSU
2376,STAAU_LSU
2377,STAAU_LSU
2378,STAAU_LSU
2379,STAAU_LSU
2380,STAAU_LSU
2381,STAAU_LSU
2382,STAAU_LSU
2383,STAAU_LSU
2384,STAAU_LSU
2385,STAAU_LSU
2386,STAAU_LSU
2387,STAAU_LSU
2388,STAAU_LSU
2389,STAAU_LSU
2390,STAAU_LSU
2391,STAAU_LSU
2392,STAAU_LSU
2393,STAAU_LSU
2394,STAAU_LSU
2395,STAAU_LSU
2396,STAAU_LSU
2397,STAAU_LSU
2398,STAAU_LSU
2399,STAAU_LSU
2400,STAAU_LSU
2401,STAAU_LSU
2402,STAAU_LSU
2403,STAAU_LSU
2404,STAAU_LSU
2405,STAAU_LSU
2406,STAAU_LSU
2407,STAAU_LSU
2408,STAAU_LSU
2409,STAAU_LSU
2410,STAAU_LSU
2411,STAAU_LSU
2412,STAAU_LSU
2413,STAAU_LSU
2414,STAAU_LSU
2415,STAAU_LSU
2416,STAAU_LSU
2417,STAAU_LSU
2418,STAAU_LSU
2419,STAAU_LSU
2420,STAAU_LSU
2421,STAAU_LSU
2422,STAAU_LSU
2423,STAAU_LSU
2424,STAAU_LSU
2425,STAAU_LSU
2426,STAAU_LSU
2427,STAAU_LSU
2428,STAAU_LSU
2429,STAAU_LSU
2430,STAAU_LSU
2431,STAAU_LSU
2432,STAAU_LSU
2433,STAAU_LSU
2434,STAAU_LSU
2435,STAAU_LSU
2436,STAAU_LSU
2437,STAAU_LSU
2438,STAAU_LSU
2439,STAAU_LSU
2440,STAAU_LSU
2441,STAAU_LSU
2442,STAAU_LSU
2443,STAAU_LSU
2444,STAAU_LSU
2445,STAAU_LSU
2446,STAAU_LSU
2447,STAAU_LSU
2448,STAAU_LSU
2449,STAAU_LSU
2450,STAAU_LSU
2451,STAAU_LSU
2452,STAAU_LSU
2453,STAAU_LSU
2454,STAAU_LSU
2455,STAAU_LSU
2456,STAAU_LSU
2457,STAAU_LSU
2458,STAAU_LSU
2459,STAAU_LSU
2460,STAAU_LSU
2461,STAAU_LSU
2462,STAAU_LSU
2463,STAAU_LSU
2464,STAAU_LSU
2465,STAAU_LSU
2466,STAAU_LSU
2467,STAAU_LSU
2468,STAAU_LSU
2469,STAAU_LSU
2470,STAAU_LSU
2471,STAAU_LSU
2472,STAAU_LSU
2473,STAAU_LSU
2474,STAAU_LSU
2475,STAAU_LSU
2476,STAAU_LSU
2477,STAAU_LSU
2478,STAAU_LSU
2479,STAAU_LSU
2480,STAAU_LSU
2481,STAAU_LSU
2482,STAAU_LSU
2483,STAAU_LSU
2484,STAAU_LSU
2485,STAAU_LSU
2486,STAAU_LSU
2487,STAAU_LSU
2488,STAAU_LSU
2489,STAAU_LSU
2490,STAAU_LSU
2491,STAAU_LSU
2492,STAAU_LSU
2493,STAAU_LSU
2494,STAAU_LSU
2495,STAAU_LSU
2496,STAAU_LSU
2497,STAAU_LSU
2498,STAAU_LSU
2499,STAAU_LSU
2500,STAAU_LSU
2501,STAAU_LSU
2502,STAAU_LSU
2503,STAAU_LSU
2504,STAAU_LSU
2505,STAAU_LSU
2506,STAAU_LSU
2507,STAAU_LSU
2508,STAAU_LSU
2509,STAAU_LSU
2510,STAAU_LSU
2511,STAAU_LSU
2512,STAAU_LSU
2513,STAAU_LSU
2514,STAAU_LSU
2515,STAAU_LSU
2516,STAAU_LSU
2517,STAAU_LSU
2518,STAAU_LSU
2519,STAAU_LSU
2520,STAAU_LSU
2521,STAAU_LSU
2522,STAAU_LSU
2523,STAAU_LSU
2524,STAAU_LSU
2525,STAAU_LSU
2526,STAAU_LSU
2527,STAAU_LSU
2528,STAAU_LSU
2529,STAAU_LSU
2530,STAAU_LSU
2531,STAAU_LSU
2532,STAAU_LSU
2533,STAAU_LSU
2534,STAAU_LSU
2535,STAAU_LSU
2536,STAAU_LSU
2537,STAAU_LSU
2538,STAAU_LSU
2539,STAAU_LSU
2540,STAAU_LSU
2541,STAAU_LSU
2542,STAAU_LSU
2543,STAAU_LSU
2544,STAAU_LSU
2545,STAAU_LSU
2546,STAAU_LSU
2547,STAAU_LSU
2548,STAAU_LSU
2549,STAAU_LSU
2550,STAAU_LSU
2551,STAAU_LSU
2552,STAAU_LSU
2553,STAAU_LSU
2554,STAAU_LSU
2555,STAAU_LSU
2556,STAAU_LSU
2557,STAAU_LSU
2558,STAAU_LSU
2559,STAAU_LSU
2560,STAAU_LSU
2561,STAAU_LSU
2562,STAAU_LSU
2563,STAAU_LSU
2564,STAAU_LSU
2565,STAAU_LSU
2566,STAAU_LSU
2567,STAAU_LSU
2568,STAAU_LSU
2569,STAAU_LSU
2570,STAAU_LSU
2571,STAAU_LSU
2572,STAAU_LSU
2573,STAAU_LSU
2574,STAAU_LSU
2575,STAAU_LSU
2576,STAAU_LSU
2577,STAAU_LSU
2578,STAAU_LSU
2579,STAAU_LSU
2580,STAAU_LSU
2581,STAAU_LSU
2582,STAAU_LSU
2583,STAAU_LSU
2584,STAAU_LSU
2585,STAAU_LSU
2586,STAAU_LSU
2587,STAAU_LSU
2588,STAAU_LSU
2589,STAAU_LSU
2590,STAAU_LSU
2591,STAAU_LSU
2592,STAAU_LSU
2593,STAAU_LSU
2594,STAAU_LSU
2595,STAAU_LSU
2596,STAAU_LSU
2597,STAAU_LSU
2598,STAAU_LSU
2599,STAAU_LSU
2600,STAAU_LSU
2601,STAAU_LSU
2602,STAAU_LSU
2603,STAAU_LSU
2604,STAAU_LSU
2605,STAAU_LSU
2606,STAAU_LSU
2607,STAAU_LSU
2608,STAAU_LSU
2609,STAAU_LSU
2610,STAAU_LSU
2611,STAAU_LSU
2612,STAAU_LSU
2613,STAAU_LSU
2614,STAAU_LSU
2615,STAAU_LSU
2616,STAAU_LSU
2617,STAAU_LSU
2618,STAAU_LSU
2619,STAAU_LSU
2620,STAAU_LSU
2621,STAAU_LSU
2622,STAAU_LSU
2623,STAAU_LSU
2624,STAAU_LSU
2625,STAAU_LSU
2626,STAAU_LSU
2627,STAAU_LSU
2628,STAAU_LSU
2629,STAAU_LSU
2630,STAAU_LSU
2631,STAAU_LSU
2632,STAAU_LSU
2633,STAAU_LSU
2634,STAAU_LSU
2635,STAAU_LSU
2636,STAAU_LSU
2637,STAAU_LSU
2638,STAAU_LSU
2639,STAAU_LSU
2640,STAAU_LSU
2641,STAAU_LSU
2642,STAAU_LSU
2643,STAAU_LSU
2644,STAAU_LSU
2645,STAAU_LSU
2646,STAAU_LSU
2647,STAAU_LSU
2648,STAAU_LSU
2649,STAAU_LSU
2650,STAAU_LSU
2651,STAAU_LSU
2652,STAAU_LSU
2653,STAAU_LSU
2654,STAAU_LSU
2655,STAAU_LSU
2656,STAAU_LSU
2657,STAAU_LSU
2658,STAAU_LSU
2659,STAAU_LSU
2660,STAAU_LSU
2661,STAAU_LSU
2662,STAAU_LSU
2663,STAAU_LSU
2664,STAAU_LSU
2665,STAAU_LSU
2666,STAAU_LSU
2667,STAAU_LSU
2668,STAAU_LSU
2669,STAAU_LSU
2670,STAAU_LSU
2671,STAAU_LSU
2672,STAAU_LSU
2673,STAAU_LSU
2674,STAAU_LSU
2675,STAAU_LSU
2676,STAAU_LSU
2677,STAAU_LSU
2678,STAAU_LSU
2679,STAAU_LSU
2680,STAAU_LSU
2681,STAAU_LSU
2682,STAAU_LSU
2683,STAAU_LSU
2684,STAAU_LSU
2685,STAAU_LSU
2686,STAAU_LSU
2687,STAAU_LSU
2688,STAAU_LSU
2689,STAAU_LSU
2690,STAAU_LSU
2691,STAAU_LSU
2692,STAAU_LSU
2693,STAAU_LSU
2694,STAAU_LSU
2695,STAAU_LSU
2696,STAAU_LSU
2697,STAAU_LSU
2698,STAAU_LSU
2699,STAAU_LSU
2700,STAAU_LSU
2701,STAAU_LSU
2702,STAAU_LSU
2703,STAAU_LSU
2704,STAAU_LSU
2705,STAAU_LSU
2706,STAAU_LSU
2707,STAAU_LSU
2708,STAAU_LSU
2709,STAAU_LSU
2710,STAAU_LSU
2711,STAAU_LSU
2712,STAAU_LSU
2713,STAAU_LSU
2714,STAAU_LSU
2715,STAAU_LSU
2716,STAAU_LSU
2717,STAAU_LSU
2718,STAAU_LSU
2719,STAAU_LSU
2720,STAAU_LSU
2721,STAAU_LSU
2722,STAAU_LSU
2723,STAAU_LSU
2724,STAAU_LSU
2725,STAAU_LSU
2726,STAAU_LSU
2727,STAAU_LSU
2728,STAAU_LSU
2729,STAAU_LSU
2730,STAAU_LSU
2731,STAAU_LSU
2732,STAAU_LSU
2733,STAAU_LSU
2734,STAAU_LSU
2735,STAAU_LSU
2736,STAAU_LSU
2737,STAAU_LSU
2738,STAAU_LSU
2739,STAAU_LSU
2740,STAAU_LSU
2741,STAAU_LSU
2742,STAAU_LSU
2743,STAAU_LSU
2744,STAAU_LSU
2745,STAAU_LSU
2746,STAAU_LSU
2747,STAAU_LSU
2748,STAAU_LSU
2749,STAAU_LSU
2750,STAAU_LSU
2751,STAAU_LSU
2752,STAAU_LSU
2753,STAAU_LSU
2754,STAAU_LSU
2755,STAAU_LSU
2756,STAAU_LSU
2757,STAAU_LSU
2758,STAAU_LSU
2759,STAAU_LSU
2760,STAAU_LSU
2761,STAAU_LSU
2762,STAAU_LSU
2763,STAAU_LSU
2764,STAAU_LSU
2765,STAAU_LSU
2766,STAAU_LSU
2767,STAAU_LSU
2768,STAAU_LSU
2769,STAAU_LSU
2770,STAAU_LSU
2771,STAAU_LSU
2772,STAAU_LSU
2773,STAAU_LSU
2774,STAAU_LSU
2775,STAAU_LSU
2776,STAAU_LSU
2777,STAAU_LSU
2778,STAAU_LSU
2779,STAAU_LSU
2780,STAAU_LSU
2781,STAAU_LSU
2782,STAAU_LSU
2783,STAAU_LSU
2784,STAAU_LSU
2785,STAAU_LSU
2786,STAAU_LSU
2787,STAAU_LSU
2788,STAAU_LSU
2789,STAAU_LSU
2790,STAAU_LSU
2791,STAAU_LSU
2792,STAAU_LSU
2793,STAAU_LSU
2794,STAAU_LSU
2795,STAAU_LSU
2796,STAAU_LSU
2797,STAAU_LSU
2798,STAAU_LSU
2799,STAAU_LSU
2800,STAAU_LSU
2801,STAAU_LSU
2802,STAAU_LSU
2803,STAAU_LSU
2804,STAAU_LSU
2805,STAAU_LSU
2806,STAAU_LSU
2807,STAAU_LSU
2808,STAAU_LSU
2809,STAAU_LSU
2810,STAAU_LSU
2811,STAAU_LSU
2812,STAAU_LSU
2813,STAAU_LSU
2814,STAAU_LSU
2815,STAAU_LSU
2816,STAAU_LSU
2817,STAAU_LSU
2818,STAAU_LSU
2819,STAAU_LSU
2820,STAAU_LSU
2821,STAAU_LSU
2822,STAAU_LSU
2823,STAAU_LSU
2824,STAAU_LSU
2825,STAAU_LSU
2826,STAAU_LSU
2827,STAAU_LSU
2828,STAAU_LSU
2829,STAAU_LSU
2830,STAAU_LSU
2831,STAAU_LSU
2832,STAAU_LSU
2833,STAAU_LSU
2834,STAAU_LSU
2835,STAAU_LSU
2836,STAAU_LSU
2837,STAAU_LSU
2838,STAAU_LSU
2839,STAAU_LSU
2840,STAAU_LSU
2841,STAAU_LSU
2842,STAAU_LSU
2843,STAAU_LSU
2844,STAAU_LSU
2845,STAAU_LSU
2846,STAAU_LSU
2847,STAAU_LSU
2848,STAAU_LSU
2849,STAAU_LSU
2850,STAAU_LSU
2851,STAAU_LSU
2852,STAAU_LSU
2853,STAAU_LSU
2854,STAAU_LSU
2855,STAAU_LSU
2856,STAAU_LSU
2857,STAAU_LSU
2858,STAAU_LSU
2859,STAAU_LSU
2860,STAAU_LSU
2861,STAAU_LSU
2862,STAAU_LSU
2863,STAAU_LSU
2864,STAAU_LSU
2865,STAAU_LSU
2866,STAAU_LSU
2867,STAAU_LSU
2868,STAAU_LSU
2869,STAAU_LSU
2870,STAAU_LSU
2871,STAAU_LSU
2872,STAAU_LSU
2873,STAAU_LSU
2874,STAAU_LSU
2875,STAAU_LSU
2876,STAAU_LSU
2877,STAAU_LSU
2878,STAAU_LSU
2879,STAAU_LSU
2880,STAAU_LSU
2881,STAAU_LSU
2882,STAAU_LSU
2883,STAAU_LSU
2884,STAAU_LSU
2885,STAAU_LSU
2886,STAAU_LSU
2887,STAAU_LSU
2888,STAAU_LSU
2889,STAAU_LSU
2890,STAAU_LSU
2891,STAAU_LSU
2892,STAAU_LSU
2893,STAAU_LSU
2894,STAAU_LSU
2895,STAAU_LSU
2896,STAAU_LSU
2897,STAAU_LSU
2898,STAAU_LSU
2899,STAAU_LSU
2900,STAAU_LSU
2901,STAAU_LSU
2902,STAAU_LSU
2903,STAAU_LSU
2904,STAAU_LSU
2905,STAAU_LSU
2906,STAAU_LSU
2907,STAAU_LSU
2908,STAAU_LSU
2909,STAAU_LSU
2910,STAAU_LSU
2911,STAAU_LSU
2912,STAAU_LSU
2913,STAAU_LSU
2914,STAAU_LSU
2915,STAAU_LSU
2916,STAAU_LSU
2917,STAAU_LSU
2918,STAAU_LSU
2919,STAAU_LSU
2920,STAAU_LSU
2921,STAAU_LSU
