resNum,DataCol,ColorCol,FontWeight
5.8S:1,4000,green,100
5.8S:2,3999,green,200
5.8S:3,3998,green,300
5.8S:4,3997,green,400
5.8S:5,3996,green,500
5.8S:6,3995,green,600
5.8S:7,3994,green,700
5.8S:8,3993,green,800
5.8S:9,3992,green,900
5.8S:10,3991,green,bold
5.8S:11,3990,green,normal
5.8S:12,3989,green,bolder
5.8S:13,3988,green,lighter
5.8S:14,3987,green,100
5.8S:15,3986,green,200
5.8S:16,3985,green,300
5.8S:17,3984,green,400
5.8S:18,3983,green,500
5.8S:19,3982,green,600
5.8S:20,3981,green,700
5.8S:21,3980,green,800
5.8S:22,3979,green,900
5.8S:23,3978,green,bold
5.8S:24,3977,green,normal
5.8S:25,3976,green,bolder
5.8S:26,3975,green,lighter
5.8S:27,3974,green,100
5.8S:28,3973,green,200
5.8S:29,3972,green,300
5.8S:30,3971,green,400
5.8S:31,3970,green,500
5.8S:32,3969,green,600
5.8S:33,3968,green,700
5.8S:34,3967,green,800
5.8S:35,3966,green,900
5.8S:36,3965,green,bold
5.8S:37,3964,green,normal
5.8S:38,3963,green,bolder
5.8S:39,3962,green,lighter
5.8S:40,3961,green,100
5.8S:41,3960,green,200
5.8S:42,3959,green,300
5.8S:43,3958,green,400
5.8S:44,3957,green,500
5.8S:45,3956,green,600
5.8S:46,3955,green,700
5.8S:47,3954,green,800
5.8S:48,3953,green,900
5.8S:49,3952,green,bold
5.8S:50,3951,green,normal
5.8S:51,3950,green,bolder
5.8S:52,3949,green,lighter
5.8S:53,3948,green,
5.8S:54,3947,green,
5.8S:55,3946,green,
5.8S:56,3945,green,
5.8S:57,3944,green,
5.8S:58,3943,green,
5.8S:59,3942,green,
5.8S:60,3941,green,
5.8S:61,3940,green,
5.8S:62,3939,green,
5.8S:63,3938,green,
5.8S:98,3903,green,
5.8S:99,3902,green,
5.8S:100,3901,green,
5.8S:101,3900,green,
5.8S:102,3899,green,
5.8S:103,3898,green,
5.8S:104,3897,green,
5.8S:105,3896,green,
5.8S:106,3895,green,
5.8S:107,3894,green,
5.8S:108,3893,green,
5.8S:109,3892,green,
5.8S:110,3891,green,
5.8S:111,3890,green,
5.8S:112,3889,green,
5.8S:113,3888,green,
5.8S:114,3887,green,
5.8S:115,3886,green,
5.8S:116,3885,green,
5.8S:117,3884,green,
5.8S:118,3883,green,
5.8S:119,3882,green,
5.8S:120,3881,green,
5.8S:121,3880,green,
5.8S:122,3879,green,
5.8S:123,3878,green,
5.8S:124,3877,green,
5.8S:125,3876,green,
5.8S:126,3875,green,
5.8S:127,3874,green,
5.8S:128,3873,green,
5.8S:129,3872,green,
5.8S:130,3871,green,
5.8S:131,3870,green,
5.8S:132,3869,green,
5.8S:133,3868,green,
5.8S:134,3867,green,
5.8S:135,3866,green,
5.8S:136,3865,green,
5.8S:137,3864,green,
5.8S:138,3863,green,
5.8S:139,3862,green,
5.8S:140,3861,green,
5.8S:141,3860,green,
5.8S:142,3859,green,
5.8S:143,3858,green,
5.8S:144,3857,green,
5.8S:145,3856,green,
5.8S:146,3855,green,
5.8S:147,3854,green,
5.8S:148,3853,green,
5.8S:149,3852,green,
5.8S:150,3851,green,
5.8S:151,3850,green,
5.8S:152,3849,green,
5.8S:153,3848,green,
5.8S:154,3847,green,
5.8S:155,3846,green,
5.8S:156,3845,green,
5.8S:157,3844,green,
5.8S:158,3843,green,
25S:1,3842,green,
25S:2,3841,green,
25S:3,3840,green,
25S:4,3839,green,
25S:5,3838,green,
25S:6,3837,green,
25S:7,3836,green,
25S:8,3835,green,
25S:9,3834,green,
25S:10,3833,green,
25S:11,3832,green,
25S:12,3831,green,
25S:13,3830,green,
25S:14,3829,green,
25S:15,3828,green,
25S:16,3827,green,
25S:17,3826,green,
25S:18,3825,green,
25S:19,3824,green,
25S:20,3823,green,
25S:21,3822,green,
25S:22,3821,green,
25S:23,3820,green,
25S:24,3819,green,
25S:25,3818,green,
25S:26,3817,green,
25S:27,3816,green,
25S:28,3815,green,
25S:29,3814,green,
25S:30,3813,green,
25S:31,3812,green,
25S:32,3811,green,
25S:33,3810,green,
25S:34,3809,green,
25S:35,3808,green,
25S:36,3807,green,
25S:37,3806,green,
25S:38,3805,green,
25S:39,3804,green,
25S:40,3803,green,
25S:41,3802,green,
25S:42,3801,green,
25S:43,3800,green,
25S:44,3799,green,
25S:45,3798,green,
25S:46,3797,green,
25S:47,3796,green,
25S:48,3795,green,
25S:49,3794,green,
25S:50,3793,green,
25S:51,3792,green,
25S:52,3791,green,
25S:53,3790,green,
25S:54,3789,green,
25S:55,3788,green,
25S:56,3787,green,
25S:57,3786,green,
25S:58,3785,green,
25S:59,3784,green,
25S:60,3783,green,
25S:61,3782,green,
25S:62,3781,green,
25S:63,3780,green,
25S:64,3779,green,
25S:65,3778,green,
25S:66,3777,green,
25S:67,3776,green,
25S:68,3775,green,
25S:69,3774,green,
25S:70,3773,green,
25S:71,3772,green,
25S:72,3771,green,
25S:73,3770,green,
25S:74,3769,green,
25S:75,3768,green,
25S:76,3767,green,
25S:77,3766,green,
25S:78,3765,green,
25S:79,3764,green,
25S:80,3763,green,
25S:81,3762,green,
25S:82,3761,green,
25S:83,3760,green,
25S:84,3759,green,
25S:85,3758,green,
25S:86,3757,green,
25S:87,3756,green,
25S:88,3755,green,
25S:89,3754,green,
25S:90,3753,green,
25S:91,3752,green,
25S:92,3751,green,
25S:93,3750,green,
25S:94,3749,green,
25S:95,3748,green,
25S:96,3747,green,
25S:97,3746,green,
25S:98,3745,green,
25S:99,3744,green,
25S:100,3743,green,
25S:101,3742,green,
25S:102,3741,green,
25S:103,3740,green,
25S:104,3739,green,
25S:105,3738,green,
25S:106,3737,green,
25S:107,3736,green,
25S:108,3735,green,
25S:109,3734,green,
25S:110,3733,green,
25S:111,3732,green,
25S:112,3731,green,
25S:113,3730,green,
25S:114,3729,green,
25S:115,3728,green,
25S:116,3727,green,
25S:117,3726,green,
25S:118,3725,green,
25S:119,3724,green,
25S:120,3723,green,
25S:121,3722,green,
25S:122,3721,green,
25S:123,3720,green,
25S:124,3719,green,
25S:125,3718,green,
25S:126,3717,green,
25S:127,3716,green,
25S:128,3715,green,
25S:129,3714,green,
25S:130,3713,green,
25S:131,3712,green,
25S:132,3711,green,
25S:133,3710,green,
25S:134,3709,green,
25S:135,3708,green,
25S:136,3707,green,
25S:137,3706,green,
25S:138,3705,green,
25S:139,3704,green,
25S:140,3703,green,
25S:141,3702,green,
25S:142,3701,green,
25S:143,3700,green,
25S:144,3699,green,
25S:145,3698,green,
25S:146,3697,green,
25S:147,3696,green,
25S:148,3695,green,
25S:149,3694,green,
25S:150,3693,green,
25S:151,3692,green,
25S:152,3691,green,
25S:153,3690,green,
25S:154,3689,green,
25S:155,3688,green,
25S:156,3687,green,
25S:157,3686,green,
25S:158,3685,green,
25S:159,3684,green,
25S:160,3683,green,
25S:161,3682,green,
25S:162,3681,green,
25S:163,3680,green,
25S:164,3679,green,
25S:165,3678,green,
25S:166,3677,green,
25S:167,3676,green,
25S:168,3675,green,
25S:169,3674,green,
25S:170,3673,green,
25S:171,3672,green,
25S:172,3671,green,
25S:173,3670,green,
25S:174,3669,green,
25S:175,3668,green,
25S:176,3667,green,
25S:177,3666,green,
25S:178,3665,green,
25S:179,3664,green,
25S:180,3663,green,
25S:181,3662,green,
25S:182,3661,green,
25S:183,3660,green,
25S:184,3659,green,
25S:185,3658,green,
25S:186,3657,green,
25S:187,3656,green,
25S:188,3655,green,
25S:189,3654,green,
25S:190,3653,green,
25S:191,3652,green,
25S:192,3651,green,
25S:193,3650,green,
25S:194,3649,green,
25S:195,3648,green,
25S:196,3647,green,
25S:197,3646,green,
25S:198,3645,green,
25S:199,3644,green,
25S:200,3643,green,
25S:201,3642,green,
25S:202,3641,green,
25S:203,3640,green,
25S:204,3639,green,
25S:205,3638,green,
25S:206,3637,green,
25S:207,3636,green,
25S:208,3635,green,
25S:209,3634,green,
25S:210,3633,green,
25S:211,3632,green,
25S:212,3631,green,
25S:213,3630,green,
25S:214,3629,green,
25S:215,3628,green,
25S:216,3627,green,
25S:217,3626,green,
25S:218,3625,green,
25S:219,3624,green,
25S:220,3623,green,
25S:221,3622,green,
25S:222,3621,green,
25S:223,3620,green,
25S:224,3619,green,
25S:225,3618,green,
25S:226,3617,green,
25S:227,3616,green,
25S:228,3615,green,
25S:229,3614,green,
25S:230,3613,green,
25S:231,3612,green,
25S:232,3611,green,
25S:233,3610,green,
25S:234,3609,green,
25S:235,3608,green,
25S:236,3607,green,
25S:237,3606,green,
25S:238,3605,green,
25S:239,3604,green,
25S:240,3603,green,
25S:241,3602,green,
25S:242,3601,green,
25S:243,3600,green,
25S:244,3599,green,
25S:245,3598,green,
25S:246,3597,green,
25S:247,3596,green,
25S:248,3595,green,
25S:249,3594,green,
25S:250,3593,green,
25S:251,3592,green,
25S:252,3591,green,
25S:253,3590,green,
25S:254,3589,green,
25S:255,3588,green,
25S:256,3587,green,
25S:257,3586,green,
25S:258,3585,green,
25S:259,3584,green,
25S:260,3583,green,
25S:261,3582,green,
25S:262,3581,green,
25S:263,3580,green,
25S:264,3579,green,
25S:265,3578,green,
25S:266,3577,green,
25S:267,3576,green,
25S:268,3575,green,
25S:269,3574,green,
25S:270,3573,green,
25S:271,3572,green,
25S:272,3571,green,
25S:273,3570,green,
25S:274,3569,green,
25S:275,3568,green,
25S:276,3567,green,
25S:277,3566,green,
25S:278,3565,green,
25S:279,3564,green,
25S:280,3563,green,
25S:281,3562,green,
25S:282,3561,green,
25S:283,3560,green,
25S:284,3559,green,
25S:285,3558,green,
25S:286,3557,green,
25S:287,3556,green,
25S:288,3555,green,
25S:289,3554,green,
25S:290,3553,green,
25S:291,3552,green,
25S:292,3551,green,
25S:293,3550,green,
25S:294,3549,green,
25S:295,3548,green,
25S:296,3547,green,
25S:297,3546,green,
25S:298,3545,green,
25S:299,3544,green,
25S:300,3543,green,
25S:301,3542,green,
25S:302,3541,green,
25S:303,3540,green,
25S:304,3539,green,
25S:305,3538,green,
25S:306,3537,green,
25S:307,3536,green,
25S:308,3535,green,
25S:309,3534,green,
25S:310,3533,green,
25S:311,3532,green,
25S:312,3531,green,
25S:313,3530,green,
25S:314,3529,green,
25S:315,3528,green,
25S:316,3527,green,
25S:317,3526,green,
25S:318,3525,green,
25S:319,3524,green,
25S:320,3523,green,
25S:321,3522,green,
25S:322,3521,green,
25S:323,3520,green,
25S:324,3519,green,
25S:325,3518,green,
25S:326,3517,green,
25S:327,3516,green,
25S:328,3515,green,
25S:329,3514,green,
25S:330,3513,green,
25S:331,3512,green,
25S:332,3511,green,
25S:333,3510,green,
25S:334,3509,green,
25S:335,3508,green,
25S:336,3507,green,
25S:337,3506,green,
25S:338,3505,green,
25S:339,3504,green,
25S:340,3503,green,
25S:341,3502,green,
25S:342,3501,green,
25S:343,3500,green,
25S:344,3499,green,
25S:345,3498,green,
25S:346,3497,green,
25S:347,3496,green,
25S:348,3495,green,
25S:349,3494,green,
25S:350,3493,green,
25S:351,3492,green,
25S:352,3491,green,
25S:353,3490,green,
25S:354,3489,green,
25S:355,3488,green,
25S:356,3487,green,
25S:357,3486,green,
25S:358,3485,green,
25S:359,3484,green,
25S:360,3483,green,
25S:361,3482,green,
25S:362,3481,green,
25S:363,3480,green,
25S:364,3479,green,
25S:365,3478,green,
25S:366,3477,green,
25S:367,3476,green,
25S:368,3475,green,
25S:369,3474,green,
25S:370,3473,green,
25S:371,3472,green,
25S:372,3471,green,
25S:373,3470,green,
25S:374,3469,green,
25S:375,3468,green,
25S:376,3467,green,
25S:377,3466,green,
25S:378,3465,green,
25S:379,3464,green,
25S:380,3463,green,
25S:381,3462,green,
25S:382,3461,green,
25S:383,3460,green,
25S:384,3459,green,
25S:385,3458,green,
25S:386,3457,green,
25S:387,3456,green,
25S:388,3455,green,
25S:389,3454,green,
25S:390,3453,green,
25S:391,3452,green,
25S:392,3451,green,
25S:393,3450,green,
25S:394,3449,green,
25S:395,3448,green,
25S:396,3447,green,
25S:397,3446,green,
25S:398,3445,green,
25S:399,3444,green,
25S:400,3443,green,
25S:401,3442,green,
25S:402,3441,green,
25S:403,3440,green,
25S:404,3439,green,
25S:405,3438,green,
25S:406,3437,green,
25S:407,3436,green,
25S:408,3435,green,
25S:409,3434,green,
25S:410,3433,green,
25S:411,3432,green,
25S:412,3431,green,
25S:413,3430,green,
25S:414,3429,green,
25S:415,3428,green,
25S:416,3427,green,
25S:417,3426,green,
25S:418,3425,green,
25S:419,3424,green,
25S:420,3423,green,
25S:421,3422,green,
25S:422,3421,green,
25S:423,3420,green,
25S:424,3419,green,
25S:425,3418,green,
25S:426,3417,green,
25S:427,3416,green,
25S:428,3415,green,
25S:429,3414,green,
25S:430,3413,green,
25S:431,3412,green,
25S:432,3411,green,
25S:433,3410,green,
25S:434,3409,green,
25S:435,3408,green,
25S:436,3407,green,
25S:437,3406,green,
25S:438,3405,green,
25S:439,3404,green,
25S:440,3403,green,
25S:441,3402,green,
25S:442,3401,green,
25S:443,3400,green,
25S:444,3399,green,
25S:445,3398,green,
25S:446,3397,green,
25S:447,3396,green,
25S:448,3395,green,
25S:449,3394,green,
25S:450,3393,green,
25S:451,3392,green,
25S:452,3391,green,
25S:453,3390,green,
25S:454,3389,green,
25S:455,3388,green,
25S:456,3387,green,
25S:457,3386,green,
25S:458,3385,green,
25S:459,3384,green,
25S:460,3383,green,
25S:461,3382,green,
25S:462,3381,green,
25S:463,3380,green,
25S:464,3379,green,
25S:465,3378,green,
25S:466,3377,green,
25S:467,3376,green,
25S:468,3375,green,
25S:469,3374,green,
25S:470,3373,green,
25S:471,3372,green,
25S:472,3371,green,
25S:473,3370,green,
25S:474,3369,green,
25S:475,3368,green,
25S:476,3367,green,
25S:477,3366,green,
25S:478,3365,green,
25S:479,3364,green,
25S:480,3363,green,
25S:481,3362,green,
25S:482,3361,green,
25S:483,3360,green,
25S:484,3359,green,
25S:485,3358,green,
25S:486,3357,green,
25S:487,3356,green,
25S:488,3355,green,
25S:489,3354,green,
25S:490,3353,green,
25S:491,3352,green,
25S:492,3351,green,
25S:493,3350,green,
25S:494,3349,green,
25S:495,3348,green,
25S:496,3347,green,
25S:497,3346,green,
25S:498,3345,green,
25S:499,3344,green,
25S:500,3343,green,
25S:501,3342,green,
25S:502,3341,green,
25S:503,3340,green,
25S:504,3339,green,
25S:505,3338,green,
25S:506,3337,green,
25S:507,3336,green,
25S:508,3335,green,
25S:509,3334,green,
25S:510,3333,green,
25S:511,3332,green,
25S:512,3331,green,
25S:513,3330,green,
25S:514,3329,green,
25S:515,3328,green,
25S:516,3327,green,
25S:517,3326,green,
25S:518,3325,green,
25S:519,3324,green,
25S:520,3323,green,
25S:521,3322,green,
25S:522,3321,green,
25S:523,3320,green,
25S:524,3319,green,
25S:525,3318,green,
25S:526,3317,green,
25S:527,3316,green,
25S:528,3315,green,
25S:529,3314,green,
25S:530,3313,green,
25S:531,3312,green,
25S:532,3311,green,
25S:533,3310,green,
25S:534,3309,green,
25S:535,3308,green,
25S:536,3307,green,
25S:537,3306,green,
25S:538,3305,green,
25S:539,3304,green,
25S:540,3303,green,
25S:541,3302,green,
25S:542,3301,green,
25S:543,3300,green,
25S:544,3299,green,
25S:545,3298,green,
25S:546,3297,green,
25S:547,3296,green,
25S:548,3295,green,
25S:549,3294,green,
25S:550,3293,green,
25S:551,3292,green,
25S:552,3291,green,
25S:553,3290,green,
25S:554,3289,green,
25S:555,3288,green,
25S:556,3287,green,
25S:557,3286,green,
25S:558,3285,green,
25S:559,3284,green,
25S:560,3283,green,
25S:561,3282,green,
25S:562,3281,green,
25S:563,3280,green,
25S:564,3279,green,
25S:565,3278,green,
25S:566,3277,green,
25S:567,3276,green,
25S:568,3275,green,
25S:569,3274,green,
25S:570,3273,green,
25S:571,3272,green,
25S:572,3271,green,
25S:573,3270,green,
25S:574,3269,green,
25S:575,3268,green,
25S:576,3267,green,
25S:577,3266,green,
25S:578,3265,green,
25S:579,3264,green,
25S:580,3263,green,
25S:581,3262,green,
25S:582,3261,green,
25S:583,3260,green,
25S:584,3259,green,
25S:585,3258,green,
25S:586,3257,green,
25S:587,3256,green,
25S:588,3255,green,
25S:589,3254,green,
25S:590,3253,green,
25S:591,3252,green,
25S:592,3251,green,
25S:593,3250,green,
25S:594,3249,green,
25S:595,3248,green,
25S:596,3247,green,
25S:597,3246,green,
25S:598,3245,green,
25S:599,3244,green,
25S:600,3243,green,
25S:601,3242,green,
25S:602,3241,green,
25S:603,3240,green,
25S:604,3239,green,
25S:605,3238,green,
25S:606,3237,green,
25S:607,3236,green,
25S:608,3235,green,
25S:609,3234,green,
25S:610,3233,green,
25S:611,3232,green,
25S:612,3231,green,
25S:613,3230,green,
25S:614,3229,green,
25S:615,3228,green,
25S:616,3227,green,
25S:617,3226,green,
25S:618,3225,green,
25S:619,3224,green,
25S:620,3223,green,
25S:621,3222,green,
25S:622,3221,green,
25S:623,3220,green,
25S:624,3219,green,
25S:625,3218,green,
25S:626,3217,green,
25S:627,3216,green,
25S:628,3215,green,
25S:629,3214,green,
25S:630,3213,green,
25S:631,3212,green,
25S:632,3211,green,
25S:633,3210,green,
25S:634,3209,green,
25S:635,3208,green,
25S:636,3207,green,
25S:637,3206,green,
25S:638,3205,green,
25S:639,3204,green,
25S:640,3203,green,
25S:641,3202,green,
25S:642,3201,green,
25S:643,3200,green,
25S:644,3199,green,
25S:645,3198,green,
25S:646,3197,green,
25S:647,3196,green,
25S:648,3195,green,
25S:649,3194,green,
25S:650,3193,green,
25S:651,3192,green,
25S:652,3191,green,
25S:653,3190,green,
25S:654,3189,green,
25S:655,3188,green,
25S:656,3187,green,
25S:657,3186,green,
25S:658,3185,green,
25S:659,3184,green,
25S:660,3183,green,
25S:661,3182,green,
25S:662,3181,green,
25S:663,3180,green,
25S:664,3179,green,
25S:665,3178,green,
25S:666,3177,green,
25S:667,3176,green,
25S:668,3175,green,
25S:669,3174,green,
25S:670,3173,green,
25S:671,3172,green,
25S:672,3171,green,
25S:673,3170,green,
25S:674,3169,green,
25S:675,3168,green,
25S:676,3167,green,
25S:677,3166,green,
25S:678,3165,green,
25S:679,3164,green,
25S:680,3163,green,
25S:681,3162,green,
25S:682,3161,green,
25S:683,3160,green,
25S:684,3159,green,
25S:685,3158,green,
25S:686,3157,green,
25S:687,3156,green,
25S:688,3155,green,
25S:689,3154,green,
25S:690,3153,green,
25S:691,3152,green,
25S:692,3151,green,
25S:693,3150,green,
25S:694,3149,green,
25S:695,3148,green,
25S:696,3147,green,
25S:697,3146,green,
25S:698,3145,green,
25S:699,3144,green,
25S:700,3143,green,
25S:701,3142,green,
25S:702,3141,green,
25S:703,3140,green,
25S:704,3139,green,
25S:705,3138,green,
25S:706,3137,green,
25S:707,3136,green,
25S:708,3135,green,
25S:709,3134,green,
25S:710,3133,green,
25S:711,3132,green,
25S:712,3131,green,
25S:713,3130,green,
25S:714,3129,green,
25S:715,3128,green,
25S:716,3127,green,
25S:717,3126,green,
25S:718,3125,green,
25S:719,3124,green,
25S:720,3123,green,
25S:721,3122,green,
25S:722,3121,green,
25S:723,3120,green,
25S:724,3119,green,
25S:725,3118,green,
25S:726,3117,green,
25S:727,3116,green,
25S:728,3115,green,
25S:729,3114,green,
25S:730,3113,green,
25S:731,3112,green,
25S:732,3111,green,
25S:733,3110,green,
25S:734,3109,green,
25S:735,3108,green,
25S:736,3107,green,
25S:737,3106,green,
25S:738,3105,green,
25S:739,3104,green,
25S:740,3103,green,
25S:741,3102,green,
25S:742,3101,green,
25S:743,3100,green,
25S:744,3099,green,
25S:745,3098,green,
25S:746,3097,green,
25S:747,3096,green,
25S:748,3095,green,
25S:749,3094,green,
25S:750,3093,green,
25S:751,3092,green,
25S:752,3091,green,
25S:753,3090,green,
25S:754,3089,green,
25S:755,3088,green,
25S:756,3087,green,
25S:757,3086,green,
25S:758,3085,green,
25S:759,3084,green,
25S:760,3083,green,
25S:761,3082,green,
25S:762,3081,green,
25S:763,3080,green,
25S:764,3079,green,
25S:765,3078,green,
25S:766,3077,green,
25S:767,3076,green,
25S:768,3075,green,
25S:769,3074,green,
25S:770,3073,green,
25S:771,3072,green,
25S:772,3071,green,
25S:773,3070,green,
25S:774,3069,green,
25S:775,3068,green,
25S:776,3067,green,
25S:777,3066,green,
25S:778,3065,green,
25S:779,3064,green,
25S:780,3063,green,
25S:781,3062,green,
25S:782,3061,green,
25S:783,3060,green,
25S:784,3059,green,
25S:785,3058,green,
25S:786,3057,green,
25S:787,3056,green,
25S:788,3055,green,
25S:789,3054,green,
25S:790,3053,green,
25S:791,3052,green,
25S:792,3051,green,
25S:793,3050,green,
25S:794,3049,green,
25S:795,3048,green,
25S:796,3047,green,
25S:797,3046,green,
25S:798,3045,green,
25S:799,3044,green,
25S:800,3043,green,
25S:801,3042,green,
25S:802,3041,green,
25S:803,3040,green,
25S:804,3039,green,
25S:805,3038,green,
25S:806,3037,green,
25S:807,3036,green,
25S:808,3035,green,
25S:809,3034,green,
25S:810,3033,green,
25S:811,3032,green,
25S:812,3031,green,
25S:813,3030,green,
25S:814,3029,green,
25S:815,3028,green,
25S:816,3027,green,
25S:817,3026,green,
25S:818,3025,green,
25S:819,3024,green,
25S:820,3023,green,
25S:821,3022,green,
25S:822,3021,green,
25S:823,3020,green,
25S:824,3019,green,
25S:825,3018,green,
25S:826,3017,green,
25S:827,3016,green,
25S:828,3015,green,
25S:829,3014,green,
25S:830,3013,green,
25S:831,3012,green,
25S:832,3011,green,
25S:833,3010,green,
25S:834,3009,green,
25S:835,3008,green,
25S:836,3007,green,
25S:837,3006,green,
25S:838,3005,green,
25S:839,3004,green,
25S:840,3003,green,
25S:841,3002,green,
25S:842,3001,green,
25S:843,3000,green,
25S:844,2999,green,
25S:845,2998,green,
25S:846,2997,green,
25S:847,2996,green,
25S:848,2995,green,
25S:849,2994,green,
25S:850,2993,green,
25S:851,2992,green,
25S:852,2991,green,
25S:853,2990,green,
25S:854,2989,green,
25S:855,2988,green,
25S:856,2987,green,
25S:857,2986,green,
25S:858,2985,green,
25S:859,2984,green,
25S:860,2983,green,
25S:861,2982,green,
25S:862,2981,green,
25S:863,2980,green,
25S:864,2979,green,
25S:865,2978,green,
25S:866,2977,green,
25S:867,2976,green,
25S:868,2975,green,
25S:869,2974,green,
25S:870,2973,green,
25S:871,2972,green,
25S:872,2971,green,
25S:873,2970,green,
25S:874,2969,green,
25S:875,2968,green,
25S:876,2967,green,
25S:877,2966,green,
25S:878,2965,green,
25S:879,2964,green,
25S:880,2963,green,
25S:881,2962,green,
25S:882,2961,green,
25S:883,2960,green,
25S:884,2959,green,
25S:885,2958,green,
25S:886,2957,green,
25S:887,2956,green,
25S:888,2955,green,
25S:889,2954,green,
25S:890,2953,green,
25S:891,2952,green,
25S:892,2951,green,
25S:893,2950,green,
25S:894,2949,green,
25S:895,2948,green,
25S:896,2947,green,
25S:897,2946,green,
25S:898,2945,green,
25S:899,2944,green,
25S:900,2943,green,
25S:901,2942,green,
25S:902,2941,green,
25S:903,2940,green,
25S:904,2939,green,
25S:905,2938,green,
25S:906,2937,green,
25S:907,2936,green,
25S:908,2935,green,
25S:909,2934,green,
25S:910,2933,green,
25S:911,2932,green,
25S:912,2931,green,
25S:913,2930,green,
25S:914,2929,green,
25S:915,2928,green,
25S:916,2927,green,
25S:917,2926,green,
25S:918,2925,green,
25S:919,2924,green,
25S:920,2923,green,
25S:921,2922,green,
25S:922,2921,green,
25S:923,2920,green,
25S:924,2919,green,
25S:925,2918,green,
25S:926,2917,green,
25S:927,2916,green,
25S:928,2915,green,
25S:929,2914,green,
25S:930,2913,green,
25S:931,2912,green,
25S:932,2911,green,
25S:933,2910,green,
25S:934,2909,green,
25S:935,2908,green,
25S:936,2907,green,
25S:937,2906,green,
25S:938,2905,green,
25S:939,2904,green,
25S:940,2903,green,
25S:941,2902,green,
25S:942,2901,green,
25S:943,2900,green,
25S:944,2899,green,
25S:945,2898,green,
25S:946,2897,green,
25S:947,2896,green,
25S:948,2895,green,
25S:949,2894,green,
25S:950,2893,green,
25S:951,2892,green,
25S:952,2891,green,
25S:953,2890,green,
25S:954,2889,green,
25S:955,2888,green,
25S:956,2887,green,
25S:957,2886,green,
25S:958,2885,green,
25S:959,2884,green,
25S:960,2883,green,
25S:961,2882,green,
25S:962,2881,green,
25S:963,2880,green,
25S:964,2879,green,
25S:965,2878,green,
25S:966,2877,green,
25S:967,2876,green,
25S:968,2875,green,
25S:969,2874,green,
25S:970,2873,green,
25S:971,2872,green,
25S:972,2871,green,
25S:973,2870,green,
25S:974,2869,green,
25S:975,2868,green,
25S:976,2867,green,
25S:977,2866,green,
25S:978,2865,green,
25S:979,2864,green,
25S:980,2863,green,
25S:981,2862,green,
25S:982,2861,green,
25S:983,2860,green,
25S:984,2859,green,
25S:985,2858,green,
25S:986,2857,green,
25S:987,2856,green,
25S:988,2855,green,
25S:989,2854,green,
25S:990,2853,green,
25S:991,2852,green,
25S:992,2851,green,
25S:993,2850,green,
25S:994,2849,green,
25S:995,2848,green,
25S:996,2847,green,
25S:997,2846,green,
25S:998,2845,green,
25S:999,2844,green,
25S:1000,2843,green,
25S:1001,2842,green,
25S:1002,2841,green,
25S:1003,2840,green,
25S:1004,2839,green,
25S:1005,2838,green,
25S:1006,2837,green,
25S:1007,2836,green,
25S:1008,2835,green,
25S:1009,2834,green,
25S:1010,2833,green,
25S:1011,2832,green,
25S:1012,2831,green,
25S:1013,2830,green,
25S:1014,2829,green,
25S:1015,2828,green,
25S:1016,2827,green,
25S:1017,2826,green,
25S:1018,2825,green,
25S:1019,2824,green,
25S:1020,2823,green,
25S:1021,2822,green,
25S:1022,2821,green,
25S:1023,2820,green,
25S:1024,2819,green,
25S:1025,2818,green,
25S:1026,2817,green,
25S:1027,2816,green,
25S:1028,2815,green,
25S:1029,2814,green,
25S:1030,2813,green,
25S:1031,2812,green,
25S:1032,2811,green,
25S:1033,2810,green,
25S:1034,2809,green,
25S:1035,2808,green,
25S:1036,2807,green,
25S:1037,2806,green,
25S:1038,2805,green,
25S:1039,2804,green,
25S:1040,2803,green,
25S:1041,2802,green,
25S:1042,2801,green,
25S:1043,2800,green,
25S:1044,2799,green,
25S:1045,2798,green,
25S:1046,2797,green,
25S:1047,2796,green,
25S:1048,2795,green,
25S:1049,2794,green,
25S:1050,2793,green,
25S:1051,2792,green,
25S:1052,2791,green,
25S:1053,2790,green,
25S:1054,2789,green,
25S:1055,2788,green,
25S:1056,2787,green,
25S:1057,2786,green,
25S:1058,2785,green,
25S:1059,2784,green,
25S:1060,2783,green,
25S:1061,2782,green,
25S:1062,2781,green,
25S:1063,2780,green,
25S:1064,2779,green,
25S:1065,2778,green,
25S:1066,2777,green,
25S:1067,2776,green,
25S:1068,2775,green,
25S:1069,2774,green,
25S:1070,2773,green,
25S:1071,2772,green,
25S:1072,2771,green,
25S:1073,2770,green,
25S:1074,2769,green,
25S:1075,2768,green,
25S:1076,2767,green,
25S:1077,2766,green,
25S:1078,2765,green,
25S:1079,2764,green,
25S:1080,2763,green,
25S:1081,2762,green,
25S:1082,2761,green,
25S:1083,2760,green,
25S:1084,2759,green,
25S:1085,2758,green,
25S:1086,2757,green,
25S:1087,2756,green,
25S:1088,2755,green,
25S:1089,2754,green,
25S:1090,2753,green,
25S:1091,2752,green,
25S:1092,2751,green,
25S:1093,2750,green,
25S:1094,2749,green,
25S:1095,2748,green,
25S:1096,2747,green,
25S:1097,2746,green,
25S:1098,2745,green,
25S:1099,2744,green,
25S:1100,2743,green,
25S:1101,2742,green,
25S:1102,2741,green,
25S:1103,2740,green,
25S:1104,2739,green,
25S:1105,2738,green,
25S:1106,2737,green,
25S:1107,2736,green,
25S:1108,2735,green,
25S:1109,2734,green,
25S:1110,2733,green,
25S:1111,2732,green,
25S:1112,2731,green,
25S:1113,2730,green,
25S:1114,2729,green,
25S:1115,2728,green,
25S:1116,2727,green,
25S:1117,2726,green,
25S:1118,2725,green,
25S:1119,2724,green,
25S:1120,2723,green,
25S:1121,2722,green,
25S:1122,2721,green,
25S:1123,2720,green,
25S:1124,2719,green,
25S:1125,2718,green,
25S:1126,2717,green,
25S:1127,2716,green,
25S:1128,2715,green,
25S:1129,2714,green,
25S:1130,2713,green,
25S:1131,2712,green,
25S:1132,2711,green,
25S:1133,2710,green,
25S:1134,2709,green,
25S:1135,2708,green,
25S:1136,2707,green,
25S:1137,2706,green,
25S:1138,2705,green,
25S:1139,2704,green,
25S:1140,2703,green,
25S:1141,2702,green,
25S:1142,2701,green,
25S:1143,2700,green,
25S:1144,2699,green,
25S:1145,2698,green,
25S:1146,2697,green,
25S:1147,2696,green,
25S:1148,2695,green,
25S:1149,2694,green,
25S:1150,2693,green,
25S:1151,2692,green,
25S:1152,2691,green,
25S:1153,2690,green,
25S:1154,2689,green,
25S:1155,2688,green,
25S:1156,2687,green,
25S:1157,2686,green,
25S:1158,2685,green,
25S:1159,2684,green,
25S:1160,2683,green,
25S:1161,2682,green,
25S:1162,2681,green,
25S:1163,2680,green,
25S:1164,2679,green,
25S:1165,2678,green,
25S:1166,2677,green,
25S:1167,2676,green,
25S:1168,2675,green,
25S:1169,2674,green,
25S:1170,2673,green,
25S:1171,2672,green,
25S:1172,2671,green,
25S:1173,2670,green,
25S:1174,2669,green,
25S:1175,2668,green,
25S:1176,2667,green,
25S:1177,2666,green,
25S:1178,2665,green,
25S:1179,2664,green,
25S:1180,2663,green,
25S:1181,2662,green,
25S:1182,2661,green,
25S:1183,2660,green,
25S:1184,2659,green,
25S:1185,2658,green,
25S:1186,2657,green,
25S:1187,2656,green,
25S:1188,2655,green,
25S:1189,2654,green,
25S:1190,2653,green,
25S:1191,2652,green,
25S:1192,2651,green,
25S:1193,2650,green,
25S:1194,2649,green,
25S:1195,2648,green,
25S:1196,2647,green,
25S:1197,2646,green,
25S:1198,2645,green,
25S:1199,2644,green,
25S:1200,2643,green,
25S:1201,2642,green,
25S:1202,2641,green,
25S:1203,2640,green,
25S:1204,2639,green,
25S:1205,2638,green,
25S:1206,2637,green,
25S:1207,2636,green,
25S:1208,2635,green,
25S:1209,2634,green,
25S:1210,2633,green,
25S:1211,2632,green,
25S:1212,2631,green,
25S:1213,2630,green,
25S:1214,2629,green,
25S:1215,2628,green,
25S:1216,2627,green,
25S:1217,2626,green,
25S:1218,2625,green,
25S:1219,2624,green,
25S:1220,2623,green,
25S:1221,2622,green,
25S:1222,2621,green,
25S:1223,2620,green,
25S:1224,2619,green,
25S:1225,2618,green,
25S:1226,2617,green,
25S:1227,2616,green,
25S:1228,2615,green,
25S:1229,2614,green,
25S:1230,2613,green,
25S:1231,2612,green,
25S:1232,2611,green,
25S:1233,2610,green,
25S:1234,2609,green,
25S:1235,2608,green,
25S:1236,2607,green,
25S:1237,2606,green,
25S:1238,2605,green,
25S:1239,2604,green,
25S:1240,2603,green,
25S:1241,2602,green,
25S:1242,2601,green,
25S:1243,2600,green,
25S:1244,2599,green,
25S:1245,2598,green,
25S:1246,2597,green,
25S:1247,2596,green,
25S:1248,2595,green,
25S:1249,2594,green,
25S:1250,2593,green,
25S:1251,2592,green,
25S:1252,2591,green,
25S:1253,2590,green,
25S:1254,2589,green,
25S:1255,2588,green,
25S:1256,2587,green,
25S:1257,2586,green,
25S:1258,2585,green,
25S:1259,2584,green,
25S:1260,2583,green,
25S:1261,2582,green,
25S:1262,2581,green,
25S:1263,2580,green,
25S:1264,2579,green,
25S:1265,2578,green,
25S:1266,2577,green,
25S:1267,2576,green,
25S:1268,2575,green,
25S:1269,2574,green,
25S:1270,2573,green,
25S:1271,2572,green,
25S:1272,2571,green,
25S:1273,2570,green,
25S:1274,2569,green,
25S:1275,2568,green,
25S:1276,2567,green,
25S:1277,2566,green,
25S:1278,2565,green,
25S:1279,2564,green,
25S:1280,2563,green,
25S:1281,2562,green,
25S:1282,2561,green,
25S:1283,2560,green,
25S:1284,2559,green,
25S:1285,2558,green,
25S:1286,2557,green,
25S:1287,2556,green,
25S:1288,2555,green,
25S:1289,2554,green,
25S:1290,2553,green,
25S:1291,2552,green,
25S:1292,2551,green,
25S:1293,2550,green,
25S:1294,2549,green,
25S:1295,2548,green,
25S:1296,2547,green,
25S:1297,2546,green,
25S:1298,2545,green,
25S:1299,2544,green,
25S:1300,2543,green,
25S:1301,2542,green,
25S:1302,2541,green,
25S:1303,2540,green,
25S:1304,2539,green,
25S:1305,2538,green,
25S:1306,2537,green,
25S:1307,2536,green,
25S:1308,2535,green,
25S:1309,2534,red,
25S:1310,2533,red,
25S:1311,2532,red,
25S:1312,2531,red,
25S:1313,2530,red,
25S:1314,2529,red,
25S:1315,2528,red,
25S:1316,2527,red,
25S:1317,2526,red,
25S:1318,2525,red,
25S:1319,2524,red,
25S:1320,2523,red,
25S:1321,2522,red,
25S:1322,2521,red,
25S:1323,2520,red,
25S:1324,2519,red,
25S:1325,2518,red,
25S:1326,2517,red,
25S:1327,2516,red,
25S:1328,2515,red,
25S:1329,2514,red,
25S:1330,2513,red,
25S:1331,2512,red,
25S:1332,2511,red,
25S:1333,2510,red,
25S:1334,2509,red,
25S:1335,2508,red,
25S:1336,2507,red,
25S:1337,2506,red,
25S:1338,2505,red,
25S:1339,2504,red,
25S:1340,2503,red,
25S:1341,2502,red,
25S:1342,2501,red,
25S:1343,2500,red,
25S:1344,2499,red,
25S:1345,2498,red,
25S:1346,2497,red,
25S:1347,2496,red,
25S:1348,2495,red,
25S:1349,2494,red,
25S:1350,2493,red,
25S:1351,2492,red,
25S:1352,2491,red,
25S:1353,2490,red,
25S:1354,2489,red,
25S:1355,2488,red,
25S:1356,2487,red,
25S:1357,2486,red,
25S:1358,2485,red,
25S:1359,2484,red,
25S:1360,2483,red,
25S:1361,2482,red,
25S:1362,2481,red,
25S:1363,2480,red,
25S:1364,2479,red,
25S:1365,2478,red,
25S:1366,2477,red,
25S:1367,2476,red,
25S:1368,2475,red,
25S:1369,2474,red,
25S:1370,2473,red,
25S:1371,2472,red,
25S:1372,2471,red,
25S:1373,2470,red,
25S:1374,2469,red,
25S:1375,2468,red,
25S:1376,2467,red,
25S:1377,2466,red,
25S:1378,2465,red,
25S:1379,2464,red,
25S:1380,2463,red,
25S:1381,2462,red,
25S:1382,2461,red,
25S:1383,2460,red,
25S:1384,2459,red,
25S:1385,2458,red,
25S:1386,2457,red,
25S:1387,2456,red,
25S:1388,2455,red,
25S:1389,2454,red,
25S:1390,2453,red,
25S:1391,2452,red,
25S:1392,2451,red,
25S:1393,2450,red,
25S:1394,2449,red,
25S:1395,2448,red,
25S:1396,2447,red,
25S:1397,2446,red,
25S:1398,2445,red,
25S:1399,2444,red,
25S:1400,2443,red,
25S:1401,2442,red,
25S:1402,2441,red,
25S:1403,2440,red,
25S:1404,2439,red,
25S:1405,2438,red,
25S:1406,2437,red,
25S:1407,2436,red,
25S:1408,2435,red,
25S:1409,2434,red,
25S:1410,2433,red,
25S:1411,2432,red,
25S:1412,2431,red,
25S:1413,2430,red,
25S:1414,2429,red,
25S:1415,2428,red,
25S:1416,2427,red,
25S:1417,2426,red,
25S:1418,2425,red,
25S:1419,2424,red,
25S:1420,2423,red,
25S:1421,2422,red,
25S:1422,2421,red,
25S:1423,2420,red,
25S:1424,2419,red,
25S:1425,2418,red,
25S:1426,2417,red,
25S:1427,2416,red,
25S:1428,2415,red,
25S:1429,2414,red,
25S:1430,2413,red,
25S:1431,2412,red,
25S:1432,2411,red,
25S:1433,2410,red,
25S:1434,2409,red,
25S:1435,2408,red,
25S:1436,2407,red,
25S:1437,2406,red,
25S:1438,2405,red,
25S:1439,2404,red,
25S:1440,2403,red,
25S:1441,2402,red,
25S:1442,2401,red,
25S:1443,2400,red,
25S:1444,2399,red,
25S:1445,2398,red,
25S:1446,2397,red,
25S:1447,2396,red,
25S:1448,2395,red,
25S:1449,2394,red,
25S:1450,2393,red,
25S:1451,2392,red,
25S:1452,2391,red,
25S:1453,2390,red,
25S:1454,2389,red,
25S:1455,2388,red,
25S:1456,2387,red,
25S:1457,2386,red,
25S:1458,2385,red,
25S:1459,2384,red,
25S:1460,2383,red,
25S:1461,2382,red,
25S:1462,2381,red,
25S:1463,2380,red,
25S:1464,2379,red,
25S:1465,2378,red,
25S:1466,2377,red,
25S:1467,2376,red,
25S:1468,2375,red,
25S:1469,2374,red,
25S:1470,2373,red,
25S:1471,2372,red,
25S:1472,2371,red,
25S:1473,2370,red,
25S:1474,2369,red,
25S:1475,2368,red,
25S:1476,2367,red,
25S:1477,2366,red,
25S:1478,2365,red,
25S:1479,2364,red,
25S:1480,2363,red,
25S:1481,2362,red,
25S:1482,2361,red,
25S:1483,2360,red,
25S:1484,2359,red,
25S:1485,2358,red,
25S:1486,2357,red,
25S:1487,2356,red,
25S:1488,2355,red,
25S:1489,2354,red,
25S:1490,2353,red,
25S:1491,2352,red,
25S:1492,2351,red,
25S:1493,2350,red,
25S:1494,2349,red,
25S:1495,2348,red,
25S:1496,2347,red,
25S:1497,2346,red,
25S:1498,2345,red,
25S:1499,2344,red,
25S:1500,2343,red,
25S:1501,2342,red,
25S:1502,2341,red,
25S:1503,2340,red,
25S:1504,2339,red,
25S:1505,2338,red,
25S:1506,2337,red,
25S:1507,2336,red,
25S:1508,2335,red,
25S:1509,2334,red,
25S:1510,2333,red,
25S:1511,2332,red,
25S:1512,2331,red,
25S:1513,2330,red,
25S:1514,2329,red,
25S:1515,2328,red,
25S:1516,2327,red,
25S:1517,2326,red,
25S:1518,2325,red,
25S:1519,2324,red,
25S:1520,2323,red,
25S:1521,2322,red,
25S:1522,2321,red,
25S:1523,2320,red,
25S:1524,2319,red,
25S:1525,2318,red,
25S:1526,2317,red,
25S:1527,2316,red,
25S:1528,2315,red,
25S:1529,2314,red,
25S:1530,2313,red,
25S:1531,2312,red,
25S:1532,2311,red,
25S:1533,2310,red,
25S:1534,2309,red,
25S:1535,2308,red,
25S:1536,2307,red,
25S:1537,2306,red,
25S:1538,2305,red,
25S:1539,2304,red,
25S:1540,2303,red,
25S:1541,2302,red,
25S:1542,2301,red,
25S:1543,2300,red,
25S:1544,2299,red,
25S:1545,2298,red,
25S:1546,2297,red,
25S:1547,2296,red,
25S:1548,2295,red,
25S:1549,2294,red,
25S:1550,2293,red,
25S:1551,2292,red,
25S:1552,2291,red,
25S:1553,2290,red,
25S:1554,2289,red,
25S:1555,2288,red,
25S:1556,2287,red,
25S:1557,2286,red,
25S:1558,2285,red,
25S:1559,2284,red,
25S:1560,2283,red,
25S:1561,2282,red,
25S:1562,2281,red,
25S:1563,2280,red,
25S:1564,2279,red,
25S:1565,2278,red,
25S:1566,2277,red,
25S:1567,2276,red,
25S:1568,2275,red,
25S:1569,2274,red,
25S:1570,2273,red,
25S:1571,2272,red,
25S:1572,2271,red,
25S:1573,2270,red,
25S:1574,2269,red,
25S:1575,2268,red,
25S:1576,2267,red,
25S:1577,2266,red,
25S:1578,2265,red,
25S:1579,2264,red,
25S:1580,2263,red,
25S:1581,2262,red,
25S:1582,2261,red,
25S:1583,2260,red,
25S:1584,2259,red,
25S:1585,2258,red,
25S:1586,2257,red,
25S:1587,2256,red,
25S:1588,2255,red,
25S:1589,2254,red,
25S:1590,2253,red,
25S:1591,2252,red,
25S:1592,2251,red,
25S:1593,2250,red,
25S:1594,2249,red,
25S:1595,2248,red,
25S:1596,2247,red,
25S:1597,2246,red,
25S:1598,2245,red,
25S:1599,2244,red,
25S:1600,2243,red,
25S:1601,2242,red,
25S:1602,2241,red,
25S:1603,2240,red,
25S:1604,2239,red,
25S:1605,2238,red,
25S:1606,2237,red,
25S:1607,2236,red,
25S:1608,2235,red,
25S:1609,2234,red,
25S:1610,2233,red,
25S:1611,2232,red,
25S:1612,2231,red,
25S:1613,2230,red,
25S:1614,2229,red,
25S:1615,2228,red,
25S:1616,2227,red,
25S:1617,2226,red,
25S:1618,2225,red,
25S:1619,2224,red,
25S:1620,2223,red,
25S:1621,2222,red,
25S:1622,2221,red,
25S:1623,2220,red,
25S:1624,2219,red,
25S:1625,2218,red,
25S:1626,2217,red,
25S:1627,2216,red,
25S:1628,2215,red,
25S:1629,2214,red,
25S:1630,2213,red,
25S:1631,2212,red,
25S:1632,2211,red,
25S:1633,2210,red,
25S:1634,2209,red,
25S:1635,2208,red,
25S:1636,2207,red,
25S:1637,2206,red,
25S:1638,2205,red,
25S:1639,2204,red,
25S:1640,2203,red,
25S:1641,2202,red,
25S:1642,2201,red,
25S:1643,2200,red,
25S:1644,2199,red,
25S:1645,2198,red,
25S:1646,2197,red,
25S:1647,2196,red,
25S:1648,2195,red,
25S:1649,2194,red,
25S:1650,2193,red,
25S:1651,2192,red,
25S:1652,2191,red,
25S:1653,2190,red,
25S:1654,2189,red,
25S:1655,2188,red,
25S:1656,2187,red,
25S:1657,2186,red,
25S:1658,2185,red,
25S:1659,2184,red,
25S:1660,2183,red,
25S:1661,2182,red,
25S:1662,2181,red,
25S:1663,2180,red,
25S:1664,2179,red,
25S:1665,2178,red,
25S:1666,2177,red,
25S:1667,2176,red,
25S:1668,2175,red,
25S:1669,2174,red,
25S:1670,2173,red,
25S:1671,2172,red,
25S:1672,2171,red,
25S:1673,2170,red,
25S:1674,2169,red,
25S:1675,2168,red,
25S:1676,2167,red,
25S:1677,2166,red,
25S:1678,2165,red,
25S:1679,2164,red,
25S:1680,2163,red,
25S:1681,2162,red,
25S:1682,2161,red,
25S:1683,2160,red,
25S:1684,2159,red,
25S:1685,2158,red,
25S:1686,2157,red,
25S:1687,2156,red,
25S:1688,2155,red,
25S:1689,2154,red,
25S:1690,2153,red,
25S:1691,2152,red,
25S:1692,2151,red,
25S:1693,2150,red,
25S:1694,2149,red,
25S:1695,2148,red,
25S:1696,2147,red,
25S:1697,2146,red,
25S:1698,2145,red,
25S:1699,2144,red,
25S:1700,2143,red,
25S:1701,2142,red,
25S:1702,2141,red,
25S:1703,2140,red,
25S:1704,2139,red,
25S:1705,2138,red,
25S:1706,2137,red,
25S:1707,2136,red,
25S:1708,2135,red,
25S:1709,2134,red,
25S:1710,2133,red,
25S:1711,2132,red,
25S:1712,2131,red,
25S:1713,2130,red,
25S:1714,2129,red,
25S:1715,2128,red,
25S:1716,2127,red,
25S:1717,2126,red,
25S:1718,2125,red,
25S:1719,2124,red,
25S:1720,2123,red,
25S:1721,2122,red,
25S:1722,2121,red,
25S:1723,2120,red,
25S:1724,2119,red,
25S:1725,2118,red,
25S:1726,2117,red,
25S:1727,2116,red,
25S:1728,2115,red,
25S:1729,2114,red,
25S:1730,2113,red,
25S:1731,2112,red,
25S:1732,2111,red,
25S:1733,2110,red,
25S:1734,2109,red,
25S:1735,2108,red,
25S:1736,2107,red,
25S:1737,2106,red,
25S:1738,2105,red,
25S:1739,2104,red,
25S:1740,2103,red,
25S:1741,2102,red,
25S:1742,2101,red,
25S:1743,2100,red,
25S:1744,2099,red,
25S:1745,2098,red,
25S:1746,2097,red,
25S:1747,2096,red,
25S:1748,2095,red,
25S:1749,2094,red,
25S:1750,2093,red,
25S:1751,2092,red,
25S:1752,2091,red,
25S:1753,2090,red,
25S:1754,2089,red,
25S:1755,2088,red,
25S:1756,2087,red,
25S:1757,2086,red,
25S:1758,2085,red,
25S:1759,2084,red,
25S:1760,2083,red,
25S:1761,2082,red,
25S:1762,2081,red,
25S:1763,2080,red,
25S:1764,2079,red,
25S:1765,2078,red,
25S:1766,2077,red,
25S:1767,2076,red,
25S:1768,2075,red,
25S:1769,2074,red,
25S:1770,2073,red,
25S:1771,2072,red,
25S:1772,2071,red,
25S:1773,2070,red,
25S:1774,2069,red,
25S:1775,2068,red,
25S:1776,2067,red,
25S:1777,2066,red,
25S:1778,2065,red,
25S:1779,2064,red,
25S:1780,2063,red,
25S:1781,2062,red,
25S:1782,2061,red,
25S:1783,2060,red,
25S:1784,2059,red,
25S:1785,2058,red,
25S:1786,2057,red,
25S:1787,2056,red,
25S:1788,2055,red,
25S:1789,2054,red,
25S:1790,2053,red,
25S:1791,2052,red,
25S:1792,2051,red,
25S:1793,2050,red,
25S:1794,2049,red,
25S:1795,2048,red,
25S:1796,2047,red,
25S:1797,2046,red,
25S:1798,2045,red,
25S:1799,2044,red,
25S:1800,2043,red,
25S:1801,2042,red,
25S:1802,2041,red,
25S:1803,2040,red,
25S:1804,2039,red,
25S:1805,2038,red,
25S:1806,2037,red,
25S:1807,2036,red,
25S:1808,2035,red,
25S:1809,2034,red,
25S:1810,2033,red,
25S:1811,2032,red,
25S:1812,2031,red,
25S:1813,2030,red,
25S:1814,2029,red,
25S:1815,2028,red,
25S:1816,2027,red,
25S:1817,2026,red,
25S:1818,2025,red,
25S:1819,2024,red,
25S:1820,2023,red,
25S:1821,2022,red,
25S:1822,2021,red,
25S:1823,2020,red,
25S:1824,2019,red,
25S:1825,2018,red,
25S:1826,2017,red,
25S:1827,2016,red,
25S:1828,2015,red,
25S:1829,2014,red,
25S:1830,2013,red,
25S:1831,2012,red,
25S:1832,2011,red,
25S:1833,2010,red,
25S:1834,2009,red,
25S:1835,2008,red,
25S:1836,2007,red,
25S:1837,2006,red,
25S:1838,2005,red,
25S:1839,2004,red,
25S:1840,2003,red,
25S:1841,2002,red,
25S:1842,2001,red,
25S:1843,2000,red,
25S:1844,1999,red,
25S:1845,1998,red,
25S:1846,1997,red,
25S:1847,1996,red,
25S:1848,1995,red,
25S:1849,1994,red,
25S:1850,1993,red,
25S:1851,1992,red,
25S:1852,1991,red,
25S:1853,1990,red,
25S:1854,1989,red,
25S:1855,1988,red,
25S:1856,1987,red,
25S:1857,1986,red,
25S:1858,1985,red,
25S:1859,1984,red,
25S:1860,1983,red,
25S:1861,1982,red,
25S:1862,1981,red,
25S:1863,1980,red,
25S:1864,1979,red,
25S:1865,1978,red,
25S:1866,1977,red,
25S:1867,1976,red,
25S:1868,1975,red,
25S:1869,1974,red,
25S:1870,1973,red,
25S:1871,1972,red,
25S:1872,1971,red,
25S:1873,1970,red,
25S:1874,1969,red,
25S:1875,1968,red,
25S:1876,1967,red,
25S:1877,1966,red,
25S:1878,1965,red,
25S:1879,1964,red,
25S:1880,1963,red,
25S:1881,1962,red,
25S:1882,1961,red,
25S:1883,1960,red,
25S:1884,1959,red,
25S:1885,1958,red,
25S:1886,1957,red,
25S:1887,1956,red,
25S:1888,1955,red,
25S:1889,1954,red,
25S:1890,1953,red,
25S:1891,1952,red,
25S:1892,1951,red,
25S:1893,1950,red,
25S:1894,1949,red,
25S:1895,1948,red,
25S:1896,1947,red,
25S:1897,1946,red,
25S:1898,1945,red,
25S:1899,1944,red,
25S:1900,1943,red,
25S:1901,1942,red,
25S:1902,1941,red,
25S:1903,1940,red,
25S:1904,1939,red,
25S:1905,1938,red,
25S:1906,1937,red,
25S:1907,1936,red,
25S:1908,1935,red,
25S:1909,1934,red,
25S:1910,1933,red,
25S:1911,1932,red,
25S:1912,1931,red,
25S:1913,1930,red,
25S:1914,1929,red,
25S:1915,1928,red,
25S:1916,1927,red,
25S:1917,1926,red,
25S:1918,1925,red,
25S:1919,1924,red,
25S:1920,1923,red,
25S:1921,1922,red,
25S:1922,1921,red,
25S:1923,1920,red,
25S:1924,1919,red,
25S:1925,1918,red,
25S:1926,1917,red,
25S:1927,1916,red,
25S:1928,1915,red,
25S:1929,1914,red,
25S:1930,1913,red,
25S:1931,1912,red,
25S:1932,1911,red,
25S:1933,1910,red,
25S:1934,1909,red,
25S:1935,1908,red,
25S:1936,1907,red,
25S:1937,1906,red,
25S:1938,1905,red,
25S:1939,1904,red,
25S:1940,1903,red,
25S:1941,1902,red,
25S:1942,1901,red,
25S:1943,1900,red,
25S:1944,1899,red,
25S:1945,1898,red,
25S:1946,1897,red,
25S:1947,1896,red,
25S:1948,1895,red,
25S:1949,1894,red,
25S:1950,1893,red,
25S:1951,1892,red,
25S:1952,1891,red,
25S:1953,1890,red,
25S:1954,1889,red,
25S:1955,1888,red,
25S:1956,1887,red,
25S:1957,1886,red,
25S:1958,1885,red,
25S:1959,1884,red,
25S:1960,1883,red,
25S:1961,1882,red,
25S:1962,1881,red,
25S:1963,1880,red,
25S:1964,1879,red,
25S:1965,1878,red,
25S:1966,1877,red,
25S:1967,1876,red,
25S:1968,1875,red,
25S:1969,1874,red,
25S:1970,1873,red,
25S:1971,1872,red,
25S:1972,1871,red,
25S:1973,1870,red,
25S:1974,1869,red,
25S:1975,1868,red,
25S:1976,1867,red,
25S:1977,1866,red,
25S:1978,1865,red,
25S:1979,1864,red,
25S:1980,1863,red,
25S:1981,1862,red,
25S:1982,1861,red,
25S:1983,1860,red,
25S:1984,1859,red,
25S:1985,1858,red,
25S:1986,1857,red,
25S:1987,1856,red,
25S:1988,1855,red,
25S:1989,1854,red,
25S:1990,1853,red,
25S:1991,1852,red,
25S:1992,1851,red,
25S:1993,1850,red,
25S:1994,1849,red,
25S:1995,1848,red,
25S:1996,1847,red,
25S:1997,1846,red,
25S:1998,1845,red,
25S:1999,1844,red,
25S:2000,1843,red,
25S:2001,1842,red,
25S:2002,1841,red,
25S:2003,1840,red,
25S:2004,1839,red,
25S:2005,1838,red,
25S:2006,1837,red,
25S:2007,1836,red,
25S:2008,1835,red,
25S:2009,1834,red,
25S:2010,1833,red,
25S:2011,1832,red,
25S:2012,1831,red,
25S:2013,1830,red,
25S:2014,1829,red,
25S:2015,1828,red,
25S:2016,1827,red,
25S:2017,1826,red,
25S:2018,1825,red,
25S:2019,1824,red,
25S:2020,1823,red,
25S:2021,1822,red,
25S:2022,1821,red,
25S:2023,1820,red,
25S:2024,1819,red,
25S:2025,1818,red,
25S:2026,1817,red,
25S:2027,1816,red,
25S:2028,1815,red,
25S:2029,1814,red,
25S:2030,1813,red,
25S:2031,1812,red,
25S:2032,1811,red,
25S:2033,1810,red,
25S:2034,1809,red,
25S:2035,1808,red,
25S:2036,1807,red,
25S:2037,1806,red,
25S:2038,1805,red,
25S:2039,1804,red,
25S:2040,1803,red,
25S:2041,1802,red,
25S:2042,1801,red,
25S:2043,1800,red,
25S:2044,1799,red,
25S:2045,1798,red,
25S:2046,1797,red,
25S:2047,1796,red,
25S:2048,1795,red,
25S:2049,1794,red,
25S:2050,1793,red,
25S:2051,1792,red,
25S:2052,1791,red,
25S:2053,1790,red,
25S:2054,1789,red,
25S:2055,1788,red,
25S:2056,1787,red,
25S:2057,1786,red,
25S:2058,1785,red,
25S:2059,1784,red,
25S:2060,1783,red,
25S:2061,1782,red,
25S:2062,1781,red,
25S:2063,1780,red,
25S:2064,1779,red,
25S:2065,1778,red,
25S:2066,1777,red,
25S:2067,1776,red,
25S:2068,1775,red,
25S:2069,1774,red,
25S:2070,1773,red,
25S:2071,1772,red,
25S:2072,1771,red,
25S:2073,1770,red,
25S:2074,1769,red,
25S:2075,1768,red,
25S:2076,1767,red,
25S:2077,1766,red,
25S:2078,1765,red,
25S:2079,1764,red,
25S:2080,1763,red,
25S:2081,1762,red,
25S:2082,1761,red,
25S:2083,1760,red,
25S:2084,1759,red,
25S:2085,1758,red,
25S:2086,1757,red,
25S:2087,1756,red,
25S:2088,1755,red,
25S:2089,1754,red,
25S:2090,1753,red,
25S:2091,1752,red,
25S:2092,1751,red,
25S:2093,1750,red,
25S:2094,1749,red,
25S:2095,1748,red,
25S:2096,1747,red,
25S:2097,1746,red,
25S:2098,1745,red,
25S:2099,1744,red,
25S:2100,1743,red,
25S:2101,1742,red,
25S:2102,1741,red,
25S:2103,1740,red,
25S:2104,1739,red,
25S:2105,1738,red,
25S:2106,1737,red,
25S:2107,1736,red,
25S:2108,1735,red,
25S:2109,1734,red,
25S:2110,1733,red,
25S:2111,1732,red,
25S:2112,1731,red,
25S:2113,1730,red,
25S:2114,1729,red,
25S:2115,1728,red,
25S:2116,1727,red,
25S:2117,1726,red,
25S:2118,1725,red,
25S:2119,1724,red,
25S:2120,1723,red,
25S:2121,1722,red,
25S:2122,1721,red,
25S:2123,1720,red,
25S:2124,1719,red,
25S:2125,1718,red,
25S:2126,1717,red,
25S:2127,1716,red,
25S:2128,1715,red,
25S:2129,1714,red,
25S:2130,1713,red,
25S:2131,1712,red,
25S:2132,1711,red,
25S:2133,1710,red,
25S:2134,1709,red,
25S:2135,1708,red,
25S:2136,1707,red,
25S:2137,1706,red,
25S:2138,1705,red,
25S:2139,1704,red,
25S:2140,1703,red,
25S:2141,1702,red,
25S:2142,1701,red,
25S:2143,1700,red,
25S:2144,1699,red,
25S:2145,1698,red,
25S:2146,1697,red,
25S:2147,1696,red,
25S:2148,1695,red,
25S:2149,1694,red,
25S:2150,1693,red,
25S:2151,1692,red,
25S:2152,1691,red,
25S:2153,1690,red,
25S:2154,1689,red,
25S:2155,1688,red,
25S:2156,1687,red,
25S:2157,1686,red,
25S:2158,1685,red,
25S:2159,1684,red,
25S:2160,1683,red,
25S:2161,1682,red,
25S:2162,1681,red,
25S:2163,1680,red,
25S:2164,1679,red,
25S:2165,1678,red,
25S:2166,1677,red,
25S:2167,1676,red,
25S:2168,1675,red,
25S:2169,1674,red,
25S:2170,1673,red,
25S:2171,1672,red,
25S:2172,1671,red,
25S:2173,1670,red,
25S:2174,1669,red,
25S:2175,1668,red,
25S:2176,1667,red,
25S:2177,1666,red,
25S:2178,1665,red,
25S:2179,1664,red,
25S:2180,1663,red,
25S:2181,1662,red,
25S:2182,1661,red,
25S:2183,1660,red,
25S:2184,1659,red,
25S:2185,1658,red,
25S:2186,1657,red,
25S:2187,1656,red,
25S:2188,1655,red,
25S:2189,1654,red,
25S:2190,1653,red,
25S:2191,1652,red,
25S:2192,1651,red,
25S:2193,1650,red,
25S:2194,1649,red,
25S:2195,1648,red,
25S:2196,1647,red,
25S:2197,1646,red,
25S:2198,1645,red,
25S:2199,1644,red,
25S:2200,1643,red,
25S:2201,1642,red,
25S:2202,1641,red,
25S:2203,1640,red,
25S:2204,1639,red,
25S:2205,1638,red,
25S:2206,1637,red,
25S:2207,1636,red,
25S:2208,1635,red,
25S:2209,1634,red,
25S:2210,1633,red,
25S:2211,1632,red,
25S:2212,1631,red,
25S:2213,1630,red,
25S:2214,1629,red,
25S:2215,1628,red,
25S:2216,1627,red,
25S:2217,1626,red,
25S:2218,1625,red,
25S:2219,1624,red,
25S:2220,1623,red,
25S:2221,1622,red,
25S:2222,1621,red,
25S:2223,1620,red,
25S:2224,1619,red,
25S:2225,1618,red,
25S:2226,1617,red,
25S:2227,1616,red,
25S:2228,1615,red,
25S:2229,1614,red,
25S:2230,1613,red,
25S:2231,1612,red,
25S:2232,1611,red,
25S:2233,1610,red,
25S:2234,1609,red,
25S:2235,1608,red,
25S:2236,1607,red,
25S:2237,1606,red,
25S:2238,1605,red,
25S:2239,1604,red,
25S:2240,1603,red,
25S:2241,1602,red,
25S:2242,1601,red,
25S:2243,1600,red,
25S:2244,1599,red,
25S:2245,1598,red,
25S:2246,1597,red,
25S:2247,1596,red,
25S:2248,1595,red,
25S:2249,1594,red,
25S:2250,1593,red,
25S:2251,1592,red,
25S:2252,1591,red,
25S:2253,1590,red,
25S:2254,1589,red,
25S:2255,1588,red,
25S:2256,1587,red,
25S:2257,1586,red,
25S:2258,1585,red,
25S:2259,1584,red,
25S:2260,1583,red,
25S:2261,1582,red,
25S:2262,1581,red,
25S:2263,1580,red,
25S:2264,1579,red,
25S:2265,1578,red,
25S:2266,1577,red,
25S:2267,1576,red,
25S:2268,1575,red,
25S:2269,1574,red,
25S:2270,1573,red,
25S:2271,1572,red,
25S:2272,1571,red,
25S:2273,1570,red,
25S:2274,1569,red,
25S:2275,1568,red,
25S:2276,1567,red,
25S:2277,1566,red,
25S:2278,1565,red,
25S:2279,1564,red,
25S:2280,1563,red,
25S:2281,1562,red,
25S:2282,1561,red,
25S:2283,1560,red,
25S:2284,1559,red,
25S:2285,1558,red,
25S:2286,1557,red,
25S:2287,1556,red,
25S:2288,1555,red,
25S:2289,1554,red,
25S:2290,1553,red,
25S:2291,1552,red,
25S:2292,1551,red,
25S:2293,1550,red,
25S:2294,1549,red,
25S:2295,1548,red,
25S:2296,1547,red,
25S:2297,1546,red,
25S:2298,1545,red,
25S:2299,1544,red,
25S:2300,1543,red,
25S:2301,1542,red,
25S:2302,1541,red,
25S:2303,1540,red,
25S:2304,1539,red,
25S:2305,1538,red,
25S:2306,1537,red,
25S:2307,1536,red,
25S:2308,1535,red,
25S:2309,1534,red,
25S:2310,1533,red,
25S:2311,1532,red,
25S:2312,1531,red,
25S:2313,1530,red,
25S:2314,1529,red,
25S:2315,1528,red,
25S:2316,1527,red,
25S:2317,1526,red,
25S:2318,1525,red,
25S:2319,1524,red,
25S:2320,1523,red,
25S:2321,1522,red,
25S:2322,1521,red,
25S:2323,1520,red,
25S:2324,1519,red,
25S:2325,1518,red,
25S:2326,1517,red,
25S:2327,1516,red,
25S:2328,1515,red,
25S:2329,1514,red,
25S:2330,1513,red,
25S:2331,1512,red,
25S:2332,1511,red,
25S:2333,1510,red,
25S:2334,1509,red,
25S:2335,1508,red,
25S:2336,1507,red,
25S:2337,1506,red,
25S:2338,1505,red,
25S:2339,1504,red,
25S:2340,1503,red,
25S:2341,1502,red,
25S:2342,1501,red,
25S:2343,1500,red,
25S:2344,1499,red,
25S:2345,1498,red,
25S:2346,1497,red,
25S:2347,1496,red,
25S:2348,1495,red,
25S:2349,1494,red,
25S:2350,1493,red,
25S:2351,1492,red,
25S:2352,1491,red,
25S:2353,1490,red,
25S:2354,1489,red,
25S:2355,1488,red,
25S:2356,1487,red,
25S:2357,1486,red,
25S:2358,1485,red,
25S:2359,1484,red,
25S:2360,1483,red,
25S:2361,1482,red,
25S:2362,1481,red,
25S:2363,1480,red,
25S:2364,1479,red,
25S:2365,1478,red,
25S:2366,1477,red,
25S:2367,1476,red,
25S:2368,1475,red,
25S:2369,1474,red,
25S:2370,1473,red,
25S:2371,1472,red,
25S:2372,1471,red,
25S:2373,1470,red,
25S:2374,1469,red,
25S:2375,1468,red,
25S:2376,1467,red,
25S:2377,1466,red,
25S:2378,1465,red,
25S:2379,1464,red,
25S:2380,1463,red,
25S:2381,1462,red,
25S:2382,1461,red,
25S:2383,1460,red,
25S:2384,1459,red,
25S:2385,1458,red,
25S:2386,1457,red,
25S:2387,1456,red,
25S:2388,1455,red,
25S:2389,1454,red,
25S:2390,1453,red,
25S:2391,1452,red,
25S:2392,1451,red,
25S:2393,1450,red,
25S:2394,1449,red,
25S:2395,1448,red,
25S:2396,1447,red,
25S:2397,1446,red,
25S:2398,1445,red,
25S:2399,1444,red,
25S:2400,1443,red,
25S:2401,1442,red,
25S:2402,1441,red,
25S:2403,1440,red,
25S:2404,1439,red,
25S:2405,1438,red,
25S:2406,1437,red,
25S:2407,1436,red,
25S:2408,1435,red,
25S:2409,1434,red,
25S:2410,1433,red,
25S:2411,1432,red,
25S:2412,1431,red,
25S:2413,1430,red,
25S:2414,1429,red,
25S:2415,1428,red,
25S:2416,1427,red,
25S:2417,1426,red,
25S:2418,1425,red,
25S:2419,1424,red,
25S:2420,1423,red,
25S:2421,1422,red,
25S:2422,1421,red,
25S:2423,1420,red,
25S:2424,1419,red,
25S:2425,1418,red,
25S:2426,1417,red,
25S:2427,1416,red,
25S:2428,1415,red,
25S:2429,1414,red,
25S:2430,1413,red,
25S:2431,1412,red,
25S:2432,1411,red,
25S:2433,1410,red,
25S:2434,1409,red,
25S:2435,1408,red,
25S:2436,1407,red,
25S:2437,1406,red,
25S:2438,1405,red,
25S:2439,1404,red,
25S:2440,1403,red,
25S:2441,1402,red,
25S:2442,1401,red,
25S:2443,1400,red,
25S:2444,1399,red,
25S:2445,1398,red,
25S:2446,1397,red,
25S:2447,1396,red,
25S:2448,1395,red,
25S:2449,1394,red,
25S:2450,1393,red,
25S:2451,1392,red,
25S:2452,1391,red,
25S:2453,1390,red,
25S:2454,1389,red,
25S:2455,1388,red,
25S:2456,1387,red,
25S:2457,1386,red,
25S:2458,1385,red,
25S:2459,1384,red,
25S:2460,1383,red,
25S:2461,1382,red,
25S:2462,1381,red,
25S:2463,1380,red,
25S:2464,1379,red,
25S:2465,1378,red,
25S:2466,1377,red,
25S:2467,1376,red,
25S:2468,1375,red,
25S:2469,1374,red,
25S:2470,1373,red,
25S:2471,1372,red,
25S:2472,1371,red,
25S:2473,1370,red,
25S:2474,1369,red,
25S:2475,1368,red,
25S:2476,1367,red,
25S:2477,1366,red,
25S:2478,1365,red,
25S:2479,1364,red,
25S:2480,1363,red,
25S:2481,1362,red,
25S:2482,1361,red,
25S:2483,1360,red,
25S:2484,1359,red,
25S:2485,1358,red,
25S:2486,1357,red,
25S:2487,1356,red,
25S:2488,1355,red,
25S:2489,1354,red,
25S:2490,1353,red,
25S:2491,1352,red,
25S:2492,1351,red,
25S:2493,1350,red,
25S:2494,1349,red,
25S:2495,1348,red,
25S:2496,1347,red,
25S:2497,1346,red,
25S:2498,1345,red,
25S:2499,1344,red,
25S:2500,1343,red,
25S:2501,1342,red,
25S:2502,1341,red,
25S:2503,1340,red,
25S:2504,1339,red,
25S:2505,1338,red,
25S:2506,1337,red,
25S:2507,1336,red,
25S:2508,1335,red,
25S:2509,1334,red,
25S:2510,1333,red,
25S:2511,1332,red,
25S:2512,1331,red,
25S:2513,1330,red,
25S:2514,1329,red,
25S:2515,1328,red,
25S:2516,1327,red,
25S:2517,1326,red,
25S:2518,1325,red,
25S:2519,1324,red,
25S:2520,1323,red,
25S:2521,1322,red,
25S:2522,1321,red,
25S:2523,1320,red,
25S:2524,1319,red,
25S:2525,1318,red,
25S:2526,1317,red,
25S:2527,1316,red,
25S:2528,1315,red,
25S:2529,1314,red,
25S:2530,1313,red,
25S:2531,1312,red,
25S:2532,1311,red,
25S:2533,1310,red,
25S:2534,1309,red,
25S:2535,1308,red,
25S:2536,1307,red,
25S:2537,1306,red,
25S:2538,1305,red,
25S:2539,1304,red,
25S:2540,1303,red,
25S:2541,1302,red,
25S:2542,1301,red,
25S:2543,1300,red,
25S:2544,1299,red,
25S:2545,1298,red,
25S:2546,1297,red,
25S:2547,1296,red,
25S:2548,1295,red,
25S:2549,1294,red,
25S:2550,1293,red,
25S:2551,1292,red,
25S:2552,1291,red,
25S:2553,1290,red,
25S:2554,1289,red,
25S:2555,1288,red,
25S:2556,1287,red,
25S:2557,1286,red,
25S:2558,1285,red,
25S:2559,1284,red,
25S:2560,1283,red,
25S:2561,1282,red,
25S:2562,1281,red,
25S:2563,1280,red,
25S:2564,1279,red,
25S:2565,1278,red,
25S:2566,1277,red,
25S:2567,1276,red,
25S:2568,1275,red,
25S:2569,1274,red,
25S:2570,1273,red,
25S:2571,1272,red,
25S:2572,1271,red,
25S:2573,1270,red,
25S:2574,1269,red,
25S:2575,1268,red,
25S:2576,1267,red,
25S:2577,1266,red,
25S:2578,1265,red,
25S:2579,1264,red,
25S:2580,1263,red,
25S:2581,1262,red,
25S:2582,1261,red,
25S:2583,1260,red,
25S:2584,1259,red,
25S:2585,1258,red,
25S:2586,1257,red,
25S:2587,1256,red,
25S:2588,1255,red,
25S:2589,1254,red,
25S:2590,1253,red,
25S:2591,1252,red,
25S:2592,1251,red,
25S:2593,1250,red,
25S:2594,1249,red,
25S:2595,1248,red,
25S:2596,1247,red,
25S:2597,1246,red,
25S:2598,1245,red,
25S:2599,1244,red,
25S:2600,1243,red,
25S:2601,1242,red,
25S:2602,1241,red,
25S:2603,1240,red,
25S:2604,1239,red,
25S:2605,1238,red,
25S:2606,1237,red,
25S:2607,1236,red,
25S:2608,1235,red,
25S:2609,1234,red,
25S:2610,1233,red,
25S:2611,1232,red,
25S:2612,1231,red,
25S:2613,1230,red,
25S:2614,1229,red,
25S:2615,1228,red,
25S:2616,1227,red,
25S:2617,1226,red,
25S:2618,1225,red,
25S:2619,1224,red,
25S:2620,1223,red,
25S:2621,1222,red,
25S:2622,1221,red,
25S:2623,1220,red,
25S:2624,1219,red,
25S:2625,1218,red,
25S:2626,1217,red,
25S:2627,1216,red,
25S:2628,1215,red,
25S:2629,1214,red,
25S:2630,1213,red,
25S:2631,1212,red,
25S:2632,1211,red,
25S:2633,1210,red,
25S:2634,1209,red,
25S:2635,1208,red,
25S:2636,1207,red,
25S:2637,1206,red,
25S:2638,1205,red,
25S:2639,1204,red,
25S:2640,1203,red,
25S:2641,1202,red,
25S:2642,1201,red,
25S:2643,1200,red,
25S:2644,1199,red,
25S:2645,1198,red,
25S:2646,1197,red,
25S:2647,1196,red,
25S:2648,1195,red,
25S:2649,1194,red,
25S:2650,1193,red,
25S:2651,1192,red,
25S:2652,1191,red,
25S:2653,1190,red,
25S:2654,1189,red,
25S:2655,1188,red,
25S:2656,1187,red,
25S:2657,1186,red,
25S:2658,1185,red,
25S:2659,1184,red,
25S:2660,1183,red,
25S:2661,1182,red,
25S:2662,1181,red,
25S:2663,1180,red,
25S:2664,1179,red,
25S:2665,1178,red,
25S:2666,1177,red,
25S:2667,1176,red,
25S:2668,1175,red,
25S:2669,1174,red,
25S:2670,1173,red,
25S:2671,1172,red,
25S:2672,1171,red,
25S:2673,1170,red,
25S:2674,1169,red,
25S:2675,1168,red,
25S:2676,1167,red,
25S:2677,1166,red,
25S:2678,1165,red,
25S:2679,1164,red,
25S:2680,1163,red,
25S:2681,1162,red,
25S:2682,1161,red,
25S:2683,1160,red,
25S:2684,1159,red,
25S:2685,1158,red,
25S:2686,1157,red,
25S:2687,1156,red,
25S:2688,1155,red,
25S:2689,1154,red,
25S:2690,1153,red,
25S:2691,1152,red,
25S:2692,1151,red,
25S:2693,1150,red,
25S:2694,1149,red,
25S:2695,1148,red,
25S:2696,1147,red,
25S:2697,1146,red,
25S:2698,1145,red,
25S:2699,1144,red,
25S:2700,1143,red,
25S:2701,1142,red,
25S:2702,1141,red,
25S:2703,1140,red,
25S:2704,1139,red,
25S:2705,1138,red,
25S:2706,1137,red,
25S:2707,1136,red,
25S:2708,1135,red,
25S:2709,1134,red,
25S:2710,1133,red,
25S:2711,1132,red,
25S:2712,1131,red,
25S:2713,1130,red,
25S:2714,1129,red,
25S:2715,1128,red,
25S:2716,1127,red,
25S:2717,1126,red,
25S:2718,1125,red,
25S:2719,1124,red,
25S:2720,1123,red,
25S:2721,1122,red,
25S:2722,1121,red,
25S:2723,1120,red,
25S:2724,1119,red,
25S:2725,1118,red,
25S:2726,1117,red,
25S:2727,1116,red,
25S:2728,1115,red,
25S:2729,1114,red,
25S:2730,1113,red,
25S:2731,1112,red,
25S:2732,1111,red,
25S:2733,1110,red,
25S:2734,1109,red,
25S:2735,1108,red,
25S:2736,1107,red,
25S:2737,1106,red,
25S:2738,1105,red,
25S:2739,1104,red,
25S:2740,1103,red,
25S:2741,1102,red,
25S:2742,1101,red,
25S:2743,1100,red,
25S:2744,1099,red,
25S:2745,1098,red,
25S:2746,1097,red,
25S:2747,1096,red,
25S:2748,1095,red,
25S:2749,1094,red,
25S:2750,1093,red,
25S:2751,1092,red,
25S:2752,1091,red,
25S:2753,1090,red,
25S:2754,1089,red,
25S:2755,1088,red,
25S:2756,1087,red,
25S:2757,1086,red,
25S:2758,1085,red,
25S:2759,1084,red,
25S:2760,1083,red,
25S:2761,1082,red,
25S:2762,1081,red,
25S:2763,1080,red,
25S:2764,1079,red,
25S:2765,1078,red,
25S:2766,1077,red,
25S:2767,1076,red,
25S:2768,1075,red,
25S:2769,1074,red,
25S:2770,1073,red,
25S:2771,1072,red,
25S:2772,1071,red,
25S:2773,1070,red,
25S:2774,1069,red,
25S:2775,1068,red,
25S:2776,1067,red,
25S:2777,1066,red,
25S:2778,1065,red,
25S:2779,1064,red,
25S:2780,1063,red,
25S:2781,1062,red,
25S:2782,1061,red,
25S:2783,1060,red,
25S:2784,1059,red,
25S:2785,1058,red,
25S:2786,1057,red,
25S:2787,1056,red,
25S:2788,1055,red,
25S:2789,1054,red,
25S:2790,1053,red,
25S:2791,1052,red,
25S:2792,1051,red,
25S:2793,1050,red,
25S:2794,1049,red,
25S:2795,1048,red,
25S:2796,1047,red,
25S:2797,1046,red,
25S:2798,1045,red,
25S:2799,1044,red,
25S:2800,1043,red,
25S:2801,1042,red,
25S:2802,1041,red,
25S:2803,1040,red,
25S:2804,1039,red,
25S:2805,1038,red,
25S:2806,1037,red,
25S:2807,1036,red,
25S:2808,1035,red,
25S:2809,1034,red,
25S:2810,1033,red,
25S:2811,1032,red,
25S:2812,1031,red,
25S:2813,1030,red,
25S:2814,1029,red,
25S:2815,1028,red,
25S:2816,1027,red,
25S:2817,1026,red,
25S:2818,1025,red,
25S:2819,1024,red,
25S:2820,1023,red,
25S:2821,1022,red,
25S:2822,1021,red,
25S:2823,1020,red,
25S:2824,1019,red,
25S:2825,1018,red,
25S:2826,1017,red,
25S:2827,1016,red,
25S:2828,1015,red,
25S:2829,1014,red,
25S:2830,1013,red,
25S:2831,1012,red,
25S:2832,1011,red,
25S:2833,1010,red,
25S:2834,1009,red,
25S:2835,1008,red,
25S:2836,1007,red,
25S:2837,1006,red,
25S:2838,1005,red,
25S:2839,1004,red,
25S:2840,1003,red,
25S:2841,1002,red,
25S:2842,1001,red,
25S:2843,1000,red,
25S:2844,999,red,
25S:2845,998,red,
25S:2846,997,red,
25S:2847,996,red,
25S:2848,995,red,
25S:2849,994,red,
25S:2850,993,red,
25S:2851,992,red,
25S:2852,991,red,
25S:2853,990,red,
25S:2854,989,red,
25S:2855,988,red,
25S:2856,987,red,
25S:2857,986,red,
25S:2858,985,red,
25S:2859,984,red,
25S:2860,983,red,
25S:2861,982,red,
25S:2862,981,red,
25S:2863,980,red,
25S:2864,979,red,
25S:2865,978,red,
25S:2866,977,red,
25S:2867,976,red,
25S:2868,975,red,
25S:2869,974,red,
25S:2870,973,red,
25S:2871,972,red,
25S:2872,971,red,
25S:2873,970,red,
25S:2874,969,red,
25S:2875,968,red,
25S:2876,967,red,
25S:2877,966,red,
25S:2878,965,red,
25S:2879,964,red,
25S:2880,963,red,
25S:2881,962,red,
25S:2882,961,red,
25S:2883,960,red,
25S:2884,959,red,
25S:2885,958,red,
25S:2886,957,red,
25S:2887,956,red,
25S:2888,955,red,
25S:2889,954,red,
25S:2890,953,red,
25S:2891,952,red,
25S:2892,951,red,
25S:2893,950,red,
25S:2894,949,red,
25S:2895,948,red,
25S:2896,947,red,
25S:2897,946,red,
25S:2898,945,red,
25S:2899,944,red,
25S:2900,943,red,
25S:2901,942,red,
25S:2902,941,red,
25S:2903,940,red,
25S:2904,939,red,
25S:2905,938,red,
25S:2906,937,red,
25S:2907,936,red,
25S:2908,935,red,
25S:2909,934,red,
25S:2910,933,red,
25S:2911,932,red,
25S:2912,931,red,
25S:2913,930,red,
25S:2914,929,red,
25S:2915,928,red,
25S:2916,927,red,
25S:2917,926,red,
25S:2918,925,red,
25S:2919,924,red,
25S:2920,923,red,
25S:2921,922,red,
25S:2922,921,red,
25S:2923,920,red,
25S:2924,919,red,
25S:2925,918,red,
25S:2926,917,red,
25S:2927,916,red,
25S:2928,915,red,
25S:2929,914,red,
25S:2930,913,red,
25S:2931,912,red,
25S:2932,911,red,
25S:2933,910,red,
25S:2934,909,red,
25S:2935,908,red,
25S:2936,907,red,
25S:2937,906,red,
25S:2938,905,red,
25S:2939,904,red,
25S:2940,903,red,
25S:2941,902,red,
25S:2942,901,red,
25S:2943,900,red,
25S:2944,899,red,
25S:2945,898,red,
25S:2946,897,red,
25S:2947,896,red,
25S:2948,895,red,
25S:2949,894,red,
25S:2950,893,red,
25S:2951,892,red,
25S:2952,891,red,
25S:2953,890,red,
25S:2954,889,red,
25S:2955,888,red,
25S:2956,887,red,
25S:2957,886,red,
25S:2958,885,red,
25S:2959,884,red,
25S:2960,883,red,
25S:2961,882,red,
25S:2962,881,red,
25S:2963,880,red,
25S:2964,879,red,
25S:2965,878,red,
25S:2966,877,red,
25S:2967,876,red,
25S:2968,875,red,
25S:2969,874,red,
25S:2970,873,red,
25S:2971,872,red,
25S:2972,871,red,
25S:2973,870,red,
25S:2974,869,red,
25S:2975,868,red,
25S:2976,867,red,
25S:2977,866,red,
25S:2978,865,red,
25S:2979,864,red,
25S:2980,863,red,
25S:2981,862,red,
25S:2982,861,red,
25S:2983,860,red,
25S:2984,859,red,
25S:2985,858,red,
25S:2986,857,red,
25S:2987,856,red,
25S:2988,855,red,
25S:2989,854,red,
25S:2990,853,red,
25S:2991,852,red,
25S:2992,851,red,
25S:2993,850,red,
25S:2994,849,red,
25S:2995,848,red,
25S:2996,847,red,
25S:2997,846,red,
25S:2998,845,red,
25S:2999,844,red,
25S:3000,843,red,
25S:3001,842,red,
25S:3002,841,red,
25S:3003,840,red,
25S:3004,839,red,
25S:3005,838,red,
25S:3006,837,red,
25S:3007,836,red,
25S:3008,835,red,
25S:3009,834,red,
25S:3010,833,red,
25S:3011,832,red,
25S:3012,831,red,
25S:3013,830,red,
25S:3014,829,red,
25S:3015,828,red,
25S:3016,827,red,
25S:3017,826,red,
25S:3018,825,red,
25S:3019,824,red,
25S:3020,823,red,
25S:3021,822,red,
25S:3022,821,red,
25S:3023,820,red,
25S:3024,819,red,
25S:3025,818,red,
25S:3026,817,red,
25S:3027,816,red,
25S:3028,815,red,
25S:3029,814,red,
25S:3030,813,red,
25S:3031,812,red,
25S:3032,811,red,
25S:3033,810,red,
25S:3034,809,red,
25S:3035,808,red,
25S:3036,807,red,
25S:3037,806,red,
25S:3038,805,red,
25S:3039,804,red,
25S:3040,803,red,
25S:3041,802,red,
25S:3042,801,red,
25S:3043,800,red,
25S:3044,799,red,
25S:3045,798,red,
25S:3046,797,red,
25S:3047,796,red,
25S:3048,795,red,
25S:3049,794,red,
25S:3050,793,red,
25S:3051,792,red,
25S:3052,791,red,
25S:3053,790,red,
25S:3054,789,red,
25S:3055,788,red,
25S:3056,787,red,
25S:3057,786,red,
25S:3058,785,red,
25S:3059,784,red,
25S:3060,783,red,
25S:3061,782,red,
25S:3062,781,red,
25S:3063,780,red,
25S:3064,779,red,
25S:3065,778,red,
25S:3066,777,red,
25S:3067,776,red,
25S:3068,775,red,
25S:3069,774,red,
25S:3070,773,red,
25S:3071,772,red,
25S:3072,771,red,
25S:3073,770,red,
25S:3074,769,red,
25S:3075,768,red,
25S:3076,767,red,
25S:3077,766,red,
25S:3078,765,red,
25S:3079,764,red,
25S:3080,763,red,
25S:3081,762,red,
25S:3082,761,red,
25S:3083,760,red,
25S:3084,759,red,
25S:3085,758,red,
25S:3086,757,red,
25S:3087,756,red,
25S:3088,755,red,
25S:3089,754,red,
25S:3090,753,red,
25S:3091,752,red,
25S:3092,751,red,
25S:3093,750,red,
25S:3094,749,red,
25S:3095,748,red,
25S:3096,747,red,
25S:3097,746,red,
25S:3098,745,red,
25S:3099,744,red,
25S:3100,743,red,
25S:3101,742,red,
25S:3102,741,red,
25S:3103,740,red,
25S:3104,739,red,
25S:3105,738,red,
25S:3106,737,red,
25S:3107,736,red,
25S:3108,735,red,
25S:3109,734,red,
25S:3110,733,red,
25S:3111,732,red,
25S:3112,731,red,
25S:3113,730,red,
25S:3114,729,red,
25S:3115,728,red,
25S:3116,727,red,
25S:3117,726,red,
25S:3118,725,red,
25S:3119,724,red,
25S:3120,723,red,
25S:3121,722,red,
25S:3122,721,red,
25S:3123,720,red,
25S:3124,719,red,
25S:3125,718,red,
25S:3126,717,red,
25S:3127,716,red,
25S:3128,715,red,
25S:3129,714,red,
25S:3130,713,red,
25S:3131,712,red,
25S:3132,711,red,
25S:3133,710,red,
25S:3134,709,red,
25S:3135,708,red,
25S:3136,707,red,
25S:3137,706,red,
25S:3138,705,red,
25S:3139,704,red,
25S:3140,703,red,
25S:3141,702,red,
25S:3142,701,red,
25S:3143,700,red,
25S:3144,699,red,
25S:3145,698,red,
25S:3146,697,red,
25S:3147,696,red,
25S:3148,695,red,
25S:3149,694,red,
25S:3150,693,red,
25S:3151,692,red,
25S:3152,691,red,
25S:3153,690,red,
25S:3154,689,red,
25S:3155,688,red,
25S:3156,687,red,
25S:3157,686,red,
25S:3158,685,red,
25S:3159,684,red,
25S:3160,683,red,
25S:3161,682,red,
25S:3162,681,red,
25S:3163,680,red,
25S:3164,679,red,
25S:3165,678,red,
25S:3166,677,red,
25S:3167,676,red,
25S:3168,675,red,
25S:3169,674,red,
25S:3170,673,red,
25S:3171,672,red,
25S:3172,671,red,
25S:3173,670,red,
25S:3174,669,red,
25S:3175,668,red,
25S:3176,667,red,
25S:3177,666,red,
25S:3178,665,red,
25S:3179,664,red,
25S:3180,663,red,
25S:3181,662,red,
25S:3182,661,red,
25S:3183,660,red,
25S:3184,659,red,
25S:3185,658,red,
25S:3186,657,red,
25S:3187,656,red,
25S:3188,655,red,
25S:3189,654,red,
25S:3190,653,red,
25S:3191,652,red,
25S:3192,651,red,
25S:3193,650,red,
25S:3194,649,red,
25S:3195,648,red,
25S:3196,647,red,
25S:3197,646,red,
25S:3198,645,red,
25S:3199,644,red,
25S:3200,643,red,
25S:3201,642,red,
25S:3202,641,red,
25S:3203,640,red,
25S:3204,639,red,
25S:3205,638,red,
25S:3206,637,red,
25S:3207,636,red,
25S:3208,635,red,
25S:3209,634,red,
25S:3210,633,red,
25S:3211,632,red,
25S:3212,631,red,
25S:3213,630,red,
25S:3214,629,red,
25S:3215,628,red,
25S:3216,627,red,
25S:3217,626,red,
25S:3218,625,red,
25S:3219,624,red,
25S:3220,623,red,
25S:3221,622,red,
25S:3222,621,red,
25S:3223,620,red,
25S:3224,619,red,
25S:3225,618,red,
25S:3226,617,red,
25S:3227,616,red,
25S:3228,615,red,
25S:3229,614,red,
25S:3230,613,red,
25S:3231,612,red,
25S:3232,611,red,
25S:3233,610,red,
25S:3234,609,red,
25S:3235,608,red,
25S:3236,607,red,
25S:3237,606,red,
25S:3238,605,red,
25S:3239,604,red,
25S:3240,603,red,
25S:3241,602,red,
25S:3242,601,red,
25S:3243,600,red,
25S:3244,599,red,
25S:3245,598,red,
25S:3246,597,red,
25S:3247,596,red,
25S:3248,595,red,
25S:3249,594,red,
25S:3250,593,red,
25S:3251,592,red,
25S:3252,591,red,
25S:3253,590,red,
25S:3254,589,red,
25S:3255,588,red,
25S:3256,587,red,
25S:3257,586,red,
25S:3258,585,red,
25S:3259,584,red,
25S:3260,583,red,
25S:3261,582,red,
25S:3262,581,red,
25S:3263,580,red,
25S:3264,579,red,
25S:3265,578,red,
25S:3266,577,red,
25S:3267,576,red,
25S:3268,575,red,
25S:3269,574,red,
25S:3270,573,red,
25S:3271,572,red,
25S:3272,571,red,
25S:3273,570,red,
25S:3274,569,red,
25S:3275,568,red,
25S:3276,567,red,
25S:3277,566,red,
25S:3278,565,red,
25S:3279,564,red,
25S:3280,563,red,
25S:3281,562,red,
25S:3282,561,red,
25S:3283,560,red,
25S:3284,559,red,
25S:3285,558,red,
25S:3286,557,red,
25S:3287,556,red,
25S:3288,555,red,
25S:3289,554,red,
25S:3290,553,red,
25S:3291,552,red,
25S:3292,551,red,
25S:3293,550,red,
25S:3294,549,red,
25S:3295,548,red,
25S:3296,547,red,
25S:3297,546,red,
25S:3298,545,red,
25S:3299,544,red,
25S:3300,543,red,
25S:3301,542,red,
25S:3302,541,red,
25S:3303,540,red,
25S:3304,539,red,
25S:3305,538,red,
25S:3306,537,red,
25S:3307,536,red,
25S:3308,535,red,
25S:3309,534,red,
25S:3310,533,red,
25S:3311,532,red,
25S:3312,531,red,
25S:3313,530,red,
25S:3314,529,red,
25S:3315,528,red,
25S:3316,527,red,
25S:3317,526,red,
25S:3318,525,red,
25S:3319,524,red,
25S:3320,523,red,
25S:3321,522,red,
25S:3322,521,red,
25S:3323,520,red,
25S:3324,519,red,
25S:3325,518,red,
25S:3326,517,red,
25S:3327,516,red,
25S:3328,515,red,
25S:3329,514,red,
25S:3330,513,red,
25S:3331,512,red,
25S:3332,511,red,
25S:3333,510,red,
25S:3334,509,red,
25S:3335,508,red,
25S:3336,507,red,
25S:3337,506,red,
25S:3338,505,red,
25S:3339,504,red,
25S:3340,503,red,
25S:3341,502,red,
25S:3342,501,red,
25S:3343,500,red,
25S:3344,499,red,
25S:3345,498,red,
25S:3346,497,red,
25S:3347,496,red,
25S:3348,495,red,
25S:3349,494,red,
25S:3350,493,red,
25S:3351,492,red,
25S:3352,491,red,
25S:3353,490,red,
25S:3354,489,red,
25S:3355,488,red,
25S:3356,487,red,
25S:3357,486,red,
25S:3358,485,red,
25S:3359,484,red,
25S:3360,483,red,
25S:3361,482,red,
25S:3362,481,red,
25S:3363,480,red,
25S:3364,479,red,
25S:3365,478,red,
25S:3366,477,red,
25S:3367,476,red,
25S:3368,475,red,
25S:3369,474,red,
25S:3370,473,red,
25S:3371,472,red,
25S:3372,471,red,
25S:3373,470,red,
25S:3374,469,red,
25S:3375,468,red,
25S:3376,467,red,
25S:3377,466,red,
25S:3378,465,red,
25S:3379,464,red,
25S:3380,463,red,
25S:3381,462,red,
25S:3382,461,red,
25S:3383,460,red,
25S:3384,459,red,
25S:3385,458,red,
25S:3386,457,red,
25S:3387,456,red,
25S:3388,455,red,
25S:3389,454,red,
25S:3390,453,red,
25S:3391,452,red,
25S:3392,451,red,
25S:3393,450,red,
25S:3394,449,red,
25S:3395,448,red,
25S:3396,447,red,
5S:1,446,red,
5S:2,445,red,
5S:3,444,red,
5S:4,443,red,
5S:5,442,red,
5S:6,441,red,
5S:7,440,red,
5S:8,439,red,
5S:9,438,red,
5S:10,437,red,
5S:11,436,red,
5S:12,435,red,
5S:13,434,red,
5S:14,433,red,
5S:15,432,red,
5S:16,431,red,
5S:17,430,red,
5S:18,429,red,
5S:19,428,red,
5S:20,427,red,
5S:21,426,red,
5S:22,425,red,
5S:23,424,red,
5S:24,423,red,
5S:25,422,red,
5S:26,421,red,
5S:27,420,red,
5S:28,419,red,
5S:29,418,red,
5S:30,417,red,
5S:31,416,red,
5S:32,415,red,
5S:33,414,red,
5S:34,413,red,
5S:35,412,red,
5S:36,411,red,
5S:37,410,red,
5S:38,409,red,
5S:39,408,red,
5S:40,407,red,
5S:41,406,red,
5S:42,405,red,
5S:43,404,red,
5S:44,403,red,
5S:45,402,red,
5S:46,401,red,
5S:47,400,red,
5S:48,399,red,
5S:49,398,red,
5S:50,397,red,
5S:51,396,red,
5S:52,395,red,
5S:53,394,red,
5S:54,393,red,
5S:55,392,red,
5S:56,391,red,
5S:57,390,red,
5S:58,389,red,
5S:59,388,red,
5S:60,387,red,
5S:61,386,red,
5S:62,385,red,
5S:63,384,red,
5S:64,383,red,
5S:65,382,red,
5S:66,381,red,
5S:67,380,red,
5S:68,379,red,
5S:69,378,red,
5S:70,377,red,
5S:71,376,red,
5S:72,375,red,
5S:73,374,red,
5S:74,373,red,
5S:75,372,red,
5S:76,371,red,
5S:77,370,red,
5S:78,369,red,
5S:79,368,red,
5S:80,367,red,
5S:81,366,red,
5S:82,365,red,
5S:83,364,red,
5S:84,363,red,
5S:85,362,red,
5S:86,361,red,
5S:87,360,red,
5S:88,359,red,
5S:89,358,red,
5S:90,357,red,
5S:91,356,red,
